route_id,feature_group,point_index,latitude_deg,longitude_deg,altitude_m,route_length_m,desired_speed_kt
railway_0001,FFCC València - Sant Vicenç de Calders,0,39.4662898,-0.37725740000000024,100.0,19019.032960187098,120.0
railway_0001,FFCC València - Sant Vicenç de Calders,1,39.46585427603124,-0.377404740894306,100.0,19019.032960187098,120.0
railway_0001,FFCC València - Sant Vicenç de Calders,2,39.465419433232974,-0.3775553970214389,100.0,19019.032960187098,120.0
railway_0001,FFCC València - Sant Vicenç de Calders,3,39.46498458944168,-0.3777060477404731,100.0,19019.032960187098,120.0
railway_0001,FFCC València - Sant Vicenç de Calders,4,39.46454974413401,-0.3778566905368598,100.0,19019.032960187098,120.0
railway_0001,FFCC València - Sant Vicenç de Calders,5,39.46411489853914,-0.3780073313163032,100.0,19019.032960187098,120.0
railway_0001,FFCC València - Sant Vicenç de Calders,6,39.46368005265711,-0.37815797007886226,100.0,19019.032960187098,120.0
railway_0001,FFCC València - Sant Vicenç de Calders,7,39.46324520648791,-0.3783086068246002,100.0,19019.032960187098,120.0
railway_0001,FFCC València - Sant Vicenç de Calders,8,39.462810360031575,-0.3784592415535771,100.0,19019.032960187098,120.0
railway_0001,FFCC València - Sant Vicenç de Calders,9,39.46237551328809,-0.3786098742658537,100.0,19019.032960187098,120.0
railway_0001,FFCC València - Sant Vicenç de Calders,10,39.46194066625748,-0.3787605049614912,100.0,19019.032960187098,120.0
railway_0001,FFCC València - Sant Vicenç de Calders,11,39.46150631120844,-0.3789134716286399,100.0,19019.032960187098,120.0
railway_0001,FFCC València - Sant Vicenç de Calders,12,39.461071627124994,-0.37906488070764705,100.0,19019.032960187098,120.0
railway_0001,FFCC València - Sant Vicenç de Calders,13,39.46063691735758,-0.37921616743255865,100.0,19019.032960187098,120.0
railway_0001,FFCC València - Sant Vicenç de Calders,14,39.4602022073011,-0.3793674521336154,100.0,19019.032960187098,120.0
railway_0001,FFCC València - Sant Vicenç de Calders,15,39.45976753194909,-0.3795189016803221,100.0,19019.032960187098,120.0
railway_0001,FFCC València - Sant Vicenç de Calders,16,39.45933298865673,-0.37967098032032365,100.0,19019.032960187098,120.0
railway_0001,FFCC València - Sant Vicenç de Calders,17,39.45889844507298,-0.3798230569276725,100.0,19019.032960187098,120.0
railway_0001,FFCC València - Sant Vicenç de Calders,18,39.45846390119784,-0.3799751315024318,100.0,19019.032960187098,120.0
railway_0001,FFCC València - Sant Vicenç de Calders,19,39.45802931211976,-0.3801269899790608,100.0,19019.032960187098,120.0
railway_0001,FFCC València - Sant Vicenç de Calders,20,39.45759462800631,-0.3802783948360958,100.0,19019.032960187098,120.0
railway_0001,FFCC València - Sant Vicenç de Calders,21,39.45715961769377,-0.38042816542166485,100.0,19019.032960187098,120.0
railway_0001,FFCC València - Sant Vicenç de Calders,22,39.45671956372599,-0.38055073295726966,100.0,19019.032960187098,120.0
railway_0001,FFCC València - Sant Vicenç de Calders,23,39.45627575692295,-0.38064834977384837,100.0,19019.032960187098,120.0
railway_0001,FFCC València - Sant Vicenç de Calders,24,39.45583077986105,-0.38073689812092976,100.0,19019.032960187098,120.0
railway_0001,FFCC València - Sant Vicenç de Calders,25,39.45538615563248,-0.38082835355348205,100.0,19019.032960187098,120.0
railway_0001,FFCC València - Sant Vicenç de Calders,26,39.45494557473931,-0.38094738503592684,100.0,19019.032960187098,120.0
railway_0001,FFCC València - Sant Vicenç de Calders,27,39.45450962731478,-0.3810925991867853,100.0,19019.032960187098,120.0
railway_0001,FFCC València - Sant Vicenç de Calders,28,39.454075133805055,-0.38124488699789366,100.0,19019.032960187098,120.0
railway_0001,FFCC València - Sant Vicenç de Calders,29,39.45364081363287,-0.38139801379472055,100.0,19019.032960187098,120.0
railway_0001,FFCC València - Sant Vicenç de Calders,30,39.4532098797894,-0.3815660084144676,100.0,19019.032960187098,120.0
railway_0001,FFCC València - Sant Vicenç de Calders,31,39.45280502468679,-0.3818184850269418,100.0,19019.032960187098,120.0
railway_0001,FFCC València - Sant Vicenç de Calders,32,39.452441626273306,-0.38216047464053293,100.0,19019.032960187098,120.0
railway_0001,FFCC València - Sant Vicenç de Calders,33,39.45208111910096,-0.38250770830602887,100.0,19019.032960187098,120.0
railway_0001,FFCC València - Sant Vicenç de Calders,34,39.451678779731445,-0.382765670558367,100.0,19019.032960187098,120.0
railway_0001,FFCC València - Sant Vicenç de Calders,35,39.451248903767556,-0.3829369918553299,100.0,19019.032960187098,120.0
railway_0001,FFCC València - Sant Vicenç de Calders,36,39.45081454288475,-0.38308992214976023,100.0,19019.032960187098,120.0
railway_0001,FFCC València - Sant Vicenç de Calders,37,39.45038033327185,-0.3832435655545404,100.0,19019.032960187098,120.0
railway_0001,FFCC València - Sant Vicenç de Calders,38,39.44994612336295,-0.3833972069099222,100.0,19019.032960187098,120.0
railway_0001,FFCC València - Sant Vicenç de Calders,39,39.44951191808489,-0.38355086937484023,100.0,19019.032960187098,120.0
railway_0001,FFCC València - Sant Vicenç de Calders,40,39.44907739477006,-0.3837030130528897,100.0,19019.032960187098,120.0
railway_0001,FFCC València - Sant Vicenç de Calders,41,39.448634461942525,-0.3837971088258925,100.0,19019.032960187098,120.0
railway_0001,FFCC València - Sant Vicenç de Calders,42,39.44818587430644,-0.38376632970188335,100.0,19019.032960187098,120.0
railway_0001,FFCC València - Sant Vicenç de Calders,43,39.447743860557516,-0.3836559034483882,100.0,19019.032960187098,120.0
railway_0001,FFCC València - Sant Vicenç de Calders,44,39.447301071157874,-0.3835513721637716,100.0,19019.032960187098,120.0
railway_0001,FFCC València - Sant Vicenç de Calders,45,39.446851634537175,-0.38353379873936233,100.0,19019.032960187098,120.0
railway_0001,FFCC València - Sant Vicenç de Calders,46,39.44640759657059,-0.383625790919059,100.0,19019.032960187098,120.0
railway_0001,FFCC València - Sant Vicenç de Calders,47,39.44597013128134,-0.38376318009943017,100.0,19019.032960187098,120.0
railway_0001,FFCC València - Sant Vicenç de Calders,48,39.44553223154257,-0.383898070468218,100.0,19019.032960187098,120.0
railway_0001,FFCC València - Sant Vicenç de Calders,49,39.44508585915366,-0.3839690812354731,100.0,19019.032960187098,120.0
railway_0001,FFCC València - Sant Vicenç de Calders,50,39.44463671832667,-0.38393960204687505,100.0,19019.032960187098,120.0
railway_0001,FFCC València - Sant Vicenç de Calders,51,39.44420622843179,-0.38377764407516546,100.0,19019.032960187098,120.0
railway_0001,FFCC València - Sant Vicenç de Calders,52,39.44380278559936,-0.3835220184612038,100.0,19019.032960187098,120.0
railway_0001,FFCC València - Sant Vicenç de Calders,53,39.443441630439935,-0.3831766794698087,100.0,19019.032960187098,120.0
railway_0001,FFCC València - Sant Vicenç de Calders,54,39.443140107567245,-0.38274726504390005,100.0,19019.032960187098,120.0
railway_0001,FFCC València - Sant Vicenç de Calders,55,39.44292628568996,-0.38223881915196933,100.0,19019.032960187098,120.0
railway_0001,FFCC València - Sant Vicenç de Calders,56,39.442742831252154,-0.38170857960183535,100.0,19019.032960187098,120.0
railway_0001,FFCC València - Sant Vicenç de Calders,57,39.44257849924685,-0.38116794140431026,100.0,19019.032960187098,120.0
railway_0001,FFCC València - Sant Vicenç de Calders,58,39.44242579361586,-0.38062197645219153,100.0,19019.032960187098,120.0
railway_0001,FFCC València - Sant Vicenç de Calders,59,39.442307095223,-0.3800622075820036,100.0,19019.032960187098,120.0
railway_0001,FFCC València - Sant Vicenç de Calders,60,39.44223587285807,-0.3794890197607578,100.0,19019.032960187098,120.0
railway_0001,FFCC València - Sant Vicenç de Calders,61,39.442179652554685,-0.3789128718487842,100.0,19019.032960187098,120.0
railway_0001,FFCC València - Sant Vicenç de Calders,62,39.442123429424306,-0.3783367250205794,100.0,19019.032960187098,120.0
railway_0001,FFCC València - Sant Vicenç de Calders,63,39.442067203466976,-0.37776057927621826,100.0,19019.032960187098,120.0
railway_0001,FFCC València - Sant Vicenç de Calders,64,39.44201097468269,-0.3771844346157798,100.0,19019.032960187098,120.0
railway_0001,FFCC València - Sant Vicenç de Calders,65,39.441954743071484,-0.37660829103933835,100.0,19019.032960187098,120.0
railway_0001,FFCC València - Sant Vicenç de Calders,66,39.44189850863338,-0.3760321485469747,100.0,19019.032960187098,120.0
railway_0001,FFCC València - Sant Vicenç de Calders,67,39.44184227136837,-0.3754560071387655,100.0,19019.032960187098,120.0
railway_0001,FFCC València - Sant Vicenç de Calders,68,39.441786031276514,-0.3748798668147855,100.0,19019.032960187098,120.0
railway_0001,FFCC València - Sant Vicenç de Calders,69,39.44172897093716,-0.3743038661446925,100.0,19019.032960187098,120.0
railway_0001,FFCC València - Sant Vicenç de Calders,70,39.441673172289704,-0.37372765568651595,100.0,19019.032960187098,120.0
railway_0001,FFCC València - Sant Vicenç de Calders,71,39.44161737081448,-0.3731514463056195,100.0,19019.032960187098,120.0
railway_0001,FFCC València - Sant Vicenç de Calders,72,39.44156156651152,-0.37257523800208386,100.0,19019.032960187098,120.0
railway_0001,FFCC València - Sant Vicenç de Calders,73,39.44150575938081,-0.37199903077598456,100.0,19019.032960187098,120.0
railway_0001,FFCC València - Sant Vicenç de Calders,74,39.441449949422406,-0.371422824627398,100.0,19019.032960187098,120.0
railway_0001,FFCC València - Sant Vicenç de Calders,75,39.441394136636305,-0.3708466195564036,100.0,19019.032960187098,120.0
railway_0001,FFCC València - Sant Vicenç de Calders,76,39.441338321022535,-0.3702704155630754,100.0,19019.032960187098,120.0
railway_0001,FFCC València - Sant Vicenç de Calders,77,39.441282318922745,-0.3696942423755661,100.0,19019.032960187098,120.0
railway_0001,FFCC València - Sant Vicenç de Calders,78,39.44122605722987,-0.3691181118528327,100.0,19019.032960187098,120.0
railway_0001,FFCC València - Sant Vicenç de Calders,79,39.441170463817784,-0.36854187400142924,100.0,19019.032960187098,120.0
railway_0001,FFCC València - Sant Vicenç de Calders,80,39.441114867577625,-0.36796563722429665,100.0,19019.032960187098,120.0
railway_0001,FFCC València - Sant Vicenç de Calders,81,39.441059268509385,-0.3673894015215137,100.0,19019.032960187098,120.0
railway_0001,FFCC València - Sant Vicenç de Calders,82,39.44100366661309,-0.3668131668931595,100.0,19019.032960187098,120.0
railway_0001,FFCC València - Sant Vicenç de Calders,83,39.44094806188878,-0.3662369333393068,100.0,19019.032960187098,120.0
railway_0001,FFCC València - Sant Vicenç de Calders,84,39.44089245433643,-0.36566070086003555,100.0,19019.032960187098,120.0
railway_0001,FFCC València - Sant Vicenç de Calders,85,39.440836843956085,-0.36508446945542355,100.0,19019.032960187098,120.0
railway_0001,FFCC València - Sant Vicenç de Calders,86,39.440781230747774,-0.3645082391255481,100.0,19019.032960187098,120.0
railway_0001,FFCC València - Sant Vicenç de Calders,87,39.440725614711475,-0.36393200987048574,100.0,19019.032960187098,120.0
railway_0001,FFCC València - Sant Vicenç de Calders,88,39.44066999584726,-0.36335578169031296,100.0,19019.032960187098,120.0
railway_0001,FFCC València - Sant Vicenç de Calders,89,39.44061437415511,-0.3627795545851108,100.0,19019.032960187098,120.0
railway_0001,FFCC València - Sant Vicenç de Calders,90,39.440557912489396,-0.3622034644185501,100.0,19019.032960187098,120.0
railway_0001,FFCC València - Sant Vicenç de Calders,91,39.44050110476998,-0.36162743104709877,100.0,19019.032960187098,120.0
railway_0001,FFCC València - Sant Vicenç de Calders,92,39.44044429422523,-0.36105139876979714,100.0,19019.032960187098,120.0
railway_0001,FFCC València - Sant Vicenç de Calders,93,39.44038748085516,-0.36047536758672877,100.0,19019.032960187098,120.0
railway_0001,FFCC València - Sant Vicenç de Calders,94,39.440330664659754,-0.35989933749796643,100.0,19019.032960187098,120.0
railway_0001,FFCC València - Sant Vicenç de Calders,95,39.44027384563909,-0.3593233085035892,100.0,19019.032960187098,120.0
railway_0001,FFCC València - Sant Vicenç de Calders,96,39.44021702379314,-0.35874728060367383,100.0,19019.032960187098,120.0
railway_0001,FFCC València - Sant Vicenç de Calders,97,39.44016019912194,-0.3581712537982959,100.0,19019.032960187098,120.0
railway_0001,FFCC València - Sant Vicenç de Calders,98,39.44010337162551,-0.35759522808753447,100.0,19019.032960187098,120.0
railway_0001,FFCC València - Sant Vicenç de Calders,99,39.440046541303865,-0.3570192034714655,100.0,19019.032960187098,120.0
railway_0001,FFCC València - Sant Vicenç de Calders,100,39.43998970815701,-0.3564431799501669,100.0,19019.032960187098,120.0
railway_0001,FFCC València - Sant Vicenç de Calders,101,39.43993287218501,-0.35586715752371545,100.0,19019.032960187098,120.0
railway_0001,FFCC València - Sant Vicenç de Calders,102,39.43987603338782,-0.355291136192189,100.0,19019.032960187098,120.0
railway_0001,FFCC València - Sant Vicenç de Calders,103,39.4398193404975,-0.3547150915808613,100.0,19019.032960187098,120.0
railway_0001,FFCC València - Sant Vicenç de Calders,104,39.43976266476835,-0.3541390447865746,100.0,19019.032960187098,120.0
railway_0001,FFCC València - Sant Vicenç de Calders,105,39.43970598621374,-0.3535629990847361,100.0,19019.032960187098,120.0
railway_0001,FFCC València - Sant Vicenç de Calders,106,39.43964930483367,-0.35298695447542366,100.0,19019.032960187098,120.0
railway_0001,FFCC València - Sant Vicenç de Calders,107,39.43959262062819,-0.3524109109587129,100.0,19019.032960187098,120.0
railway_0001,FFCC València - Sant Vicenç de Calders,108,39.43953593359729,-0.3518348685346833,100.0,19019.032960187098,120.0
railway_0001,FFCC València - Sant Vicenç de Calders,109,39.439479243741,-0.35125882720341034,100.0,19019.032960187098,120.0
railway_0001,FFCC València - Sant Vicenç de Calders,110,39.43942368661155,-0.3506826088151282,100.0,19019.032960187098,120.0
railway_0001,FFCC València - Sant Vicenç de Calders,111,39.43936748845538,-0.35010648860568566,100.0,19019.032960187098,120.0
railway_0001,FFCC València - Sant Vicenç de Calders,112,39.43931128747284,-0.34953036948125005,100.0,19019.032960187098,120.0
railway_0001,FFCC València - Sant Vicenç de Calders,113,39.43925508366389,-0.3489542514418976,100.0,19019.032960187098,120.0
railway_0001,FFCC València - Sant Vicenç de Calders,114,39.43919887702858,-0.3483781344877043,100.0,19019.032960187098,120.0
railway_0001,FFCC València - Sant Vicenç de Calders,115,39.43914375582294,-0.3478018443476686,100.0,19019.032960187098,120.0
railway_0001,FFCC València - Sant Vicenç de Calders,116,39.43908900232372,-0.347225495935701,100.0,19019.032960187098,120.0
railway_0001,FFCC València - Sant Vicenç de Calders,117,39.439033547575704,-0.346649260815639,100.0,19019.032960187098,120.0
railway_0001,FFCC València - Sant Vicenç de Calders,118,39.43897972104685,-0.34607281324901096,100.0,19019.032960187098,120.0
railway_0001,FFCC València - Sant Vicenç de Calders,119,39.43895892013702,-0.34549335456597496,100.0,19019.032960187098,120.0
railway_0001,FFCC València - Sant Vicenç de Calders,120,39.438980596387104,-0.3449144719028383,100.0,19019.032960187098,120.0
railway_0001,FFCC València - Sant Vicenç de Calders,121,39.4390609814632,-0.3443441583631134,100.0,19019.032960187098,120.0
railway_0001,FFCC València - Sant Vicenç de Calders,122,39.4391953223482,-0.34379037110924365,100.0,19019.032960187098,120.0
railway_0001,FFCC València - Sant Vicenç de Calders,123,39.43937710753764,-0.34325967082065156,100.0,19019.032960187098,120.0
railway_0001,FFCC València - Sant Vicenç de Calders,124,39.439612324400386,-0.3427647942830944,100.0,19019.032960187098,120.0
railway_0001,FFCC València - Sant Vicenç de Calders,125,39.43988656413817,-0.3423051474253398,100.0,19019.032960187098,120.0
railway_0001,FFCC València - Sant Vicenç de Calders,126,39.44020911105478,-0.34190092707356745,100.0,19019.032960187098,120.0
railway_0001,FFCC València - Sant Vicenç de Calders,127,39.44057122026664,-0.34155687956124564,100.0,19019.032960187098,120.0
railway_0001,FFCC València - Sant Vicenç de Calders,128,39.44096452691134,-0.3412765160320694,100.0,19019.032960187098,120.0
railway_0001,FFCC València - Sant Vicenç de Calders,129,39.44138647273701,-0.34107555503327486,100.0,19019.032960187098,120.0
railway_0001,FFCC València - Sant Vicenç de Calders,130,39.44182289497399,-0.34093372389771626,100.0,19019.032960187098,120.0
railway_0001,FFCC València - Sant Vicenç de Calders,131,39.4422600686996,-0.3407948811293257,100.0,19019.032960187098,120.0
railway_0001,FFCC València - Sant Vicenç de Calders,132,39.442705281615034,-0.3407109547115297,100.0,19019.032960187098,120.0
railway_0001,FFCC València - Sant Vicenç de Calders,133,39.44315493330911,-0.3407038230375838,100.0,19019.032960187098,120.0
railway_0001,FFCC València - Sant Vicenç de Calders,134,39.44360418678299,-0.3407423014492242,100.0,19019.032960187098,120.0
railway_0001,FFCC València - Sant Vicenç de Calders,135,39.44405344022983,-0.34078078019384794,100.0,19019.032960187098,120.0
railway_0001,FFCC València - Sant Vicenç de Calders,136,39.444502221921404,-0.34082745930356745,100.0,19019.032960187098,120.0
railway_0001,FFCC València - Sant Vicenç de Calders,137,39.444950959041684,-0.3408749131230133,100.0,19019.032960187098,120.0
railway_0001,FFCC València - Sant Vicenç de Calders,138,39.44539978983836,-0.34092084676727974,100.0,19019.032960187098,120.0
railway_0001,FFCC València - Sant Vicenç de Calders,139,39.44584870500287,-0.3409654112757369,100.0,19019.032960187098,120.0
railway_0001,FFCC València - Sant Vicenç de Calders,140,39.4462976214165,-0.34100995477679014,100.0,19019.032960187098,120.0
railway_0001,FFCC València - Sant Vicenç de Calders,141,39.44674653809338,-0.34105449379496733,100.0,19019.032960187098,120.0
railway_0001,FFCC València - Sant Vicenç de Calders,142,39.447195454741575,-0.34109903322424945,100.0,19019.032960187098,120.0
railway_0001,FFCC València - Sant Vicenç de Calders,143,39.44764437064059,-0.3411435851428924,100.0,19019.032960187098,120.0
railway_0001,FFCC València - Sant Vicenç de Calders,144,39.44809328610037,-0.3411881443550044,100.0,19019.032960187098,120.0
railway_0001,FFCC València - Sant Vicenç de Calders,145,39.44854220153144,-0.3412327039785152,100.0,19019.032960187098,120.0
railway_0001,FFCC València - Sant Vicenç de Calders,146,39.44899111693381,-0.34127726401344266,100.0,19019.032960187098,120.0
railway_0001,FFCC València - Sant Vicenç de Calders,147,39.449440032307486,-0.34132182445980275,100.0,19019.032960187098,120.0
railway_0001,FFCC València - Sant Vicenç de Calders,148,39.449888947652454,-0.3413663853176148,100.0,19019.032960187098,120.0
railway_0001,FFCC València - Sant Vicenç de Calders,149,39.450336607492034,-0.34142786708613576,100.0,19019.032960187098,120.0
railway_0001,FFCC València - Sant Vicenç de Calders,150,39.45078194115086,-0.34151277334391317,100.0,19019.032960187098,120.0
railway_0001,FFCC València - Sant Vicenç de Calders,151,39.451226695076336,-0.3416031786523601,100.0,19019.032960187098,120.0
railway_0001,FFCC València - Sant Vicenç de Calders,152,39.45167144893999,-0.34169358495710545,100.0,19019.032960187098,120.0
railway_0001,FFCC València - Sant Vicenç de Calders,153,39.45211732428825,-0.34177331480444434,100.0,19019.032960187098,120.0
railway_0001,FFCC València - Sant Vicenç de Calders,154,39.45256648032633,-0.3418102273185408,100.0,19019.032960187098,120.0
railway_0001,FFCC València - Sant Vicenç de Calders,155,39.45301641548625,-0.34179665128087205,100.0,19019.032960187098,120.0
railway_0001,FFCC València - Sant Vicenç de Calders,156,39.45346482742475,-0.3417456322057028,100.0,19019.032960187098,120.0
railway_0001,FFCC València - Sant Vicenç de Calders,157,39.4539110312622,-0.34166801722553103,100.0,19019.032960187098,120.0
railway_0001,FFCC València - Sant Vicenç de Calders,158,39.45435723498358,-0.3415904010955144,100.0,19019.032960187098,120.0
railway_0001,FFCC València - Sant Vicenç de Calders,159,39.454803241503896,-0.34151097047932527,100.0,19019.032960187098,120.0
railway_0001,FFCC València - Sant Vicenç de Calders,160,39.455248788906125,-0.34142731555188977,100.0,19019.032960187098,120.0
railway_0001,FFCC València - Sant Vicenç de Calders,161,39.455694336181445,-0.34134365939984723,100.0,19019.032960187098,120.0
railway_0001,FFCC València - Sant Vicenç de Calders,162,39.456139153864655,-0.34125460267252866,100.0,19019.032960187098,120.0
railway_0001,FFCC València - Sant Vicenç de Calders,163,39.45658037217487,-0.34113890390938517,100.0,19019.032960187098,120.0
railway_0001,FFCC València - Sant Vicenç de Calders,164,39.45702159029041,-0.34102320353303417,100.0,19019.032960187098,120.0
railway_0001,FFCC València - Sant Vicenç de Calders,165,39.45746280821125,-0.3409075015434267,100.0,19019.032960187098,120.0
railway_0001,FFCC València - Sant Vicenç de Calders,166,39.45790402593737,-0.3407917979405115,100.0,19019.032960187098,120.0
railway_0001,FFCC València - Sant Vicenç de Calders,167,39.45834524346881,-0.34067609272424243,100.0,19019.032960187098,120.0
railway_0001,FFCC València - Sant Vicenç de Calders,168,39.45878216102416,-0.34053716523149524,100.0,19019.032960187098,120.0
railway_0001,FFCC València - Sant Vicenç de Calders,169,39.45921628228646,-0.3403831360878307,100.0,19019.032960187098,120.0
railway_0001,FFCC València - Sant Vicenç de Calders,170,39.45965040325068,-0.34022910488750147,100.0,19019.032960187098,120.0
railway_0001,FFCC València - Sant Vicenç de Calders,171,39.460072568867616,-0.3400302828839861,100.0,19019.032960187098,120.0
railway_0001,FFCC València - Sant Vicenç de Calders,172,39.46048685930152,-0.33980364069945757,100.0,19019.032960187098,120.0
railway_0001,FFCC València - Sant Vicenç de Calders,173,39.460865619397936,-0.3394896030303062,100.0,19019.032960187098,120.0
railway_0001,FFCC València - Sant Vicenç de Calders,174,39.46124049799147,-0.3391688725803218,100.0,19019.032960187098,120.0
railway_0001,FFCC València - Sant Vicenç de Calders,175,39.46158085891101,-0.3387886384044346,100.0,19019.032960187098,120.0
railway_0001,FFCC València - Sant Vicenç de Calders,176,39.46192121844242,-0.338408400496347,100.0,19019.032960187098,120.0
railway_0001,FFCC València - Sant Vicenç de Calders,177,39.46226157658561,-0.338028158855991,100.0,19019.032960187098,120.0
railway_0001,FFCC València - Sant Vicenç de Calders,178,39.462608258692846,-0.33765799753960624,100.0,19019.032960187098,120.0
railway_0001,FFCC València - Sant Vicenç de Calders,179,39.46296751009082,-0.3373078728766531,100.0,19019.032960187098,120.0
railway_0001,FFCC València - Sant Vicenç de Calders,180,39.46332676029139,-0.3369577445640982,100.0,19019.032960187098,120.0
railway_0001,FFCC València - Sant Vicenç de Calders,181,39.463686009294534,-0.33660761260186234,100.0,19019.032960187098,120.0
railway_0001,FFCC València - Sant Vicenç de Calders,182,39.46408012985598,-0.33633362059731603,100.0,19019.032960187098,120.0
railway_0001,FFCC València - Sant Vicenç de Calders,183,39.46449117595313,-0.33609658349518867,100.0,19019.032960187098,120.0
railway_0001,FFCC València - Sant Vicenç de Calders,184,39.4649022214459,-0.33585954349127595,100.0,19019.032960187098,120.0
railway_0001,FFCC València - Sant Vicenç de Calders,185,39.46531326633429,-0.33562250058549903,100.0,19019.032960187098,120.0
railway_0001,FFCC València - Sant Vicenç de Calders,186,39.46574484602833,-0.3354653531876331,100.0,19019.032960187098,120.0
railway_0001,FFCC València - Sant Vicenç de Calders,187,39.46618423342317,-0.33533858286683726,100.0,19019.032960187098,120.0
railway_0001,FFCC València - Sant Vicenç de Calders,188,39.46662375518129,-0.33521276056450316,100.0,19019.032960187098,120.0
railway_0001,FFCC València - Sant Vicenç de Calders,189,39.467069486743966,-0.33513076031449784,100.0,19019.032960187098,120.0
railway_0001,FFCC València - Sant Vicenç de Calders,190,39.46751521818268,-0.3350487588594893,100.0,19019.032960187098,120.0
railway_0001,FFCC València - Sant Vicenç de Calders,191,39.46796094949744,-0.3349667561994421,100.0,19019.032960187098,120.0
railway_0001,FFCC València - Sant Vicenç de Calders,192,39.46840668068825,-0.3348847523343186,100.0,19019.032960187098,120.0
railway_0001,FFCC València - Sant Vicenç de Calders,193,39.46885241175511,-0.3348027472640848,100.0,19019.032960187098,120.0
railway_0001,FFCC València - Sant Vicenç de Calders,194,39.469298142698,-0.33472074098870036,100.0,19019.032960187098,120.0
railway_0001,FFCC València - Sant Vicenç de Calders,195,39.469743873516926,-0.33463873350813134,100.0,19019.032960187098,120.0
railway_0001,FFCC València - Sant Vicenç de Calders,196,39.4701891746066,-0.3345533159024807,100.0,19019.032960187098,120.0
railway_0001,FFCC València - Sant Vicenç de Calders,197,39.47063209238731,-0.33445129197201096,100.0,19019.032960187098,120.0
railway_0001,FFCC València - Sant Vicenç de Calders,198,39.471077530679395,-0.3343666796901444,100.0,19019.032960187098,120.0
railway_0001,FFCC València - Sant Vicenç de Calders,199,39.4715229688427,-0.3342820661708357,100.0,19019.032960187098,120.0
railway_0001,FFCC València - Sant Vicenç de Calders,200,39.471968406877245,-0.334197451414048,100.0,19019.032960187098,120.0
railway_0001,FFCC València - Sant Vicenç de Calders,201,39.472413844783,-0.3341128354197446,100.0,19019.032960187098,120.0
railway_0001,FFCC València - Sant Vicenç de Calders,202,39.47285928255999,-0.3340282181878862,100.0,19019.032960187098,120.0
railway_0001,FFCC València - Sant Vicenç de Calders,203,39.47330472020818,-0.33394359971843657,100.0,19019.032960187098,120.0
railway_0001,FFCC València - Sant Vicenç de Calders,204,39.47375015772761,-0.33385898001135755,100.0,19019.032960187098,120.0
railway_0001,FFCC València - Sant Vicenç de Calders,205,39.474195595118225,-0.33377435906661146,100.0,19019.032960187098,120.0
railway_0001,FFCC València - Sant Vicenç de Calders,206,39.47464103238008,-0.3336897368841604,100.0,19019.032960187098,120.0
railway_0001,FFCC València - Sant Vicenç de Calders,207,39.47508646951312,-0.33360511346396754,100.0,19019.032960187098,120.0
railway_0001,FFCC València - Sant Vicenç de Calders,208,39.47553190651737,-0.3335204888059958,100.0,19019.032960187098,120.0
railway_0001,FFCC València - Sant Vicenç de Calders,209,39.47597734339282,-0.333435862910207,100.0,19019.032960187098,120.0
railway_0001,FFCC València - Sant Vicenç de Calders,210,39.476422780139465,-0.33335123577656306,100.0,19019.032960187098,120.0
railway_0001,FFCC València - Sant Vicenç de Calders,211,39.47686821675731,-0.33326660740502617,100.0,19019.032960187098,120.0
railway_0001,FFCC València - Sant Vicenç de Calders,212,39.47731365324634,-0.3331819777955593,100.0,19019.032960187098,120.0
railway_0001,FFCC València - Sant Vicenç de Calders,213,39.47775908960656,-0.333097346948126,100.0,19019.032960187098,120.0
railway_0001,FFCC València - Sant Vicenç de Calders,214,39.47820452583796,-0.3330127148626852,100.0,19019.032960187098,120.0
railway_0001,FFCC València - Sant Vicenç de Calders,215,39.478649961940555,-0.33292808153920317,100.0,19019.032960187098,120.0
railway_0001,FFCC València - Sant Vicenç de Calders,216,39.47909539791432,-0.3328434469776413,100.0,19019.032960187098,120.0
railway_0001,FFCC València - Sant Vicenç de Calders,217,39.47954305115752,-0.33278269524969994,100.0,19019.032960187098,120.0
railway_0001,FFCC València - Sant Vicenç de Calders,218,39.479991374669645,-0.3327291631497546,100.0,19019.032960187098,120.0
railway_0001,FFCC València - Sant Vicenç de Calders,219,39.480438453427965,-0.332661074531405,100.0,19019.032960187098,120.0
railway_0001,FFCC València - Sant Vicenç de Calders,220,39.4808845835998,-0.3325829808710156,100.0,19019.032960187098,120.0
railway_0001,FFCC València - Sant Vicenç de Calders,221,39.481329861854455,-0.3324969746965264,100.0,19019.032960187098,120.0
railway_0001,FFCC València - Sant Vicenç de Calders,222,39.48177513997769,-0.33241096726690955,100.0,19019.032960187098,120.0
railway_0001,FFCC València - Sant Vicenç de Calders,223,39.48221954605517,-0.33231836154553873,100.0,19019.032960187098,120.0
railway_0001,FFCC València - Sant Vicenç de Calders,224,39.48266174302036,-0.33220904113777444,100.0,19019.032960187098,120.0
railway_0001,FFCC València - Sant Vicenç de Calders,225,39.48310393980559,-0.3320997191911644,100.0,19019.032960187098,120.0
railway_0001,FFCC València - Sant Vicenç de Calders,226,39.483546136410844,-0.33199039570566286,100.0,19019.032960187098,120.0
railway_0001,FFCC València - Sant Vicenç de Calders,227,39.483988332836134,-0.33188107068122047,100.0,19019.032960187098,120.0
railway_0001,FFCC València - Sant Vicenç de Calders,228,39.48443168021282,-0.33178046438173237,100.0,19019.032960187098,120.0
railway_0001,FFCC València - Sant Vicenç de Calders,229,39.48487697045512,-0.33169456087962174,100.0,19019.032960187098,120.0
railway_0001,FFCC València - Sant Vicenç de Calders,230,39.485322260566214,-0.3316086561234565,100.0,19019.032960187098,120.0
railway_0001,FFCC València - Sant Vicenç de Calders,231,39.48576755054609,-0.3315227501132018,100.0,19019.032960187098,120.0
railway_0001,FFCC València - Sant Vicenç de Calders,232,39.48621284039474,-0.33143684284881825,100.0,19019.032960187098,120.0
railway_0001,FFCC València - Sant Vicenç de Calders,233,39.48665813011217,-0.33135093433026797,100.0,19019.032960187098,120.0
railway_0001,FFCC València - Sant Vicenç de Calders,234,39.48710341969838,-0.3312650245575113,100.0,19019.032960187098,120.0
railway_0001,FFCC València - Sant Vicenç de Calders,235,39.48754870915333,-0.3311791135305128,100.0,19019.032960187098,120.0
railway_0001,FFCC València - Sant Vicenç de Calders,236,39.487993998477066,-0.33109320124923003,100.0,19019.032960187098,120.0
railway_0001,FFCC València - Sant Vicenç de Calders,237,39.48843928766957,-0.33100728771362947,100.0,19019.032960187098,120.0
railway_0001,FFCC València - Sant Vicenç de Calders,238,39.488884576730825,-0.3309213729236714,100.0,19019.032960187098,120.0
railway_0001,FFCC València - Sant Vicenç de Calders,239,39.489329865660835,-0.3308354568793173,100.0,19019.032960187098,120.0
railway_0001,FFCC València - Sant Vicenç de Calders,240,39.489775154459615,-0.33074953958052944,100.0,19019.032960187098,120.0
railway_0001,FFCC València - Sant Vicenç de Calders,241,39.490220443127136,-0.3306636210272695,100.0,19019.032960187098,120.0
railway_0001,FFCC València - Sant Vicenç de Calders,242,39.49066573166339,-0.33057770121949825,100.0,19019.032960187098,120.0
railway_0001,FFCC València - Sant Vicenç de Calders,243,39.49111102006841,-0.3304917801571802,100.0,19019.032960187098,120.0
railway_0001,FFCC València - Sant Vicenç de Calders,244,39.49155630834215,-0.3304058578402754,100.0,19019.032960187098,120.0
railway_0001,FFCC València - Sant Vicenç de Calders,245,39.492001589916505,-0.33031987819633607,100.0,19019.032960187098,120.0
railway_0001,FFCC València - Sant Vicenç de Calders,246,39.492446657964564,-0.3302320755404226,100.0,19019.032960187098,120.0
railway_0001,FFCC València - Sant Vicenç de Calders,247,39.492891725877804,-0.3301442716066895,100.0,19019.032960187098,120.0
railway_0001,FFCC València - Sant Vicenç de Calders,248,39.49333701551742,-0.33005836718364095,100.0,19019.032960187098,120.0
railway_0001,FFCC València - Sant Vicenç de Calders,249,39.49378237291019,-0.3299730431021625,100.0,19019.032960187098,120.0
railway_0001,FFCC València - Sant Vicenç de Calders,250,39.49422773017283,-0.3298877177733195,100.0,19019.032960187098,120.0
railway_0001,FFCC València - Sant Vicenç de Calders,251,39.494673087305316,-0.32980239119707766,100.0,19019.032960187098,120.0
railway_0001,FFCC València - Sant Vicenç de Calders,252,39.495118444307664,-0.3297170633733944,100.0,19019.032960187098,120.0
railway_0001,FFCC València - Sant Vicenç de Calders,253,39.49556380117984,-0.3296317343022336,100.0,19019.032960187098,120.0
railway_0001,FFCC València - Sant Vicenç de Calders,254,39.4960091579219,-0.3295464039835583,100.0,19019.032960187098,120.0
railway_0001,FFCC València - Sant Vicenç de Calders,255,39.49645451453378,-0.32946107241732947,100.0,19019.032960187098,120.0
railway_0001,FFCC València - Sant Vicenç de Calders,256,39.496899871015515,-0.32937573960350897,100.0,19019.032960187098,120.0
railway_0001,FFCC València - Sant Vicenç de Calders,257,39.49734522736708,-0.3292904055420607,100.0,19019.032960187098,120.0
railway_0001,FFCC València - Sant Vicenç de Calders,258,39.49779058358848,-0.3292050702329444,100.0,19019.032960187098,120.0
railway_0001,FFCC València - Sant Vicenç de Calders,259,39.49823593967972,-0.32911973367612546,100.0,19019.032960187098,120.0
railway_0001,FFCC València - Sant Vicenç de Calders,260,39.49868129564078,-0.3290343958715623,100.0,19019.032960187098,120.0
railway_0001,FFCC València - Sant Vicenç de Calders,261,39.49912665147168,-0.3289490568192174,100.0,19019.032960187098,120.0
railway_0001,FFCC València - Sant Vicenç de Calders,262,39.49957200717237,-0.328863716519057,100.0,19019.032960187098,120.0
railway_0001,FFCC València - Sant Vicenç de Calders,263,39.50001736274291,-0.3287783749710382,100.0,19019.032960187098,120.0
railway_0001,FFCC València - Sant Vicenç de Calders,264,39.500462718183265,-0.32869303217512513,100.0,19019.032960187098,120.0
railway_0001,FFCC València - Sant Vicenç de Calders,265,39.50090807349343,-0.32860768813128216,100.0,19019.032960187098,120.0
railway_0001,FFCC València - Sant Vicenç de Calders,266,39.5013534286734,-0.3285223428394666,100.0,19019.032960187098,120.0
railway_0001,FFCC València - Sant Vicenç de Calders,267,39.501797374073924,-0.32842569494276,100.0,19019.032960187098,120.0
railway_0001,FFCC València - Sant Vicenç de Calders,268,39.50224260310615,-0.32833925972256145,100.0,19019.032960187098,120.0
railway_0001,FFCC València - Sant Vicenç de Calders,269,39.50268790635441,-0.32825346551429624,100.0,19019.032960187098,120.0
railway_0001,FFCC València - Sant Vicenç de Calders,270,39.5031332619358,-0.3281681232745489,100.0,19019.032960187098,120.0
railway_0001,FFCC València - Sant Vicenç de Calders,271,39.50357861738702,-0.32808277978674,100.0,19019.032960187098,120.0
railway_0001,FFCC València - Sant Vicenç de Calders,272,39.504023972708026,-0.32799743505083334,100.0,19019.032960187098,120.0
railway_0001,FFCC València - Sant Vicenç de Calders,273,39.50446932789886,-0.32791208906678915,100.0,19019.032960187098,120.0
railway_0001,FFCC València - Sant Vicenç de Calders,274,39.50491468295948,-0.3278267418345713,100.0,19019.032960187098,120.0
railway_0001,FFCC València - Sant Vicenç de Calders,275,39.50536003788991,-0.3277413933541384,100.0,19019.032960187098,120.0
railway_0001,FFCC València - Sant Vicenç de Calders,276,39.505805392690114,-0.32765604362545736,100.0,19019.032960187098,120.0
railway_0001,FFCC València - Sant Vicenç de Calders,277,39.50625074736012,-0.3275706926484858,100.0,19019.032960187098,120.0
railway_0001,FFCC València - Sant Vicenç de Calders,278,39.506696101899905,-0.3274853404231895,100.0,19019.032960187098,120.0
railway_0001,FFCC València - Sant Vicenç de Calders,279,39.5071414563095,-0.32739998694952704,100.0,19019.032960187098,120.0
railway_0001,FFCC València - Sant Vicenç de Calders,280,39.50758681058885,-0.3273146322274639,100.0,19019.032960187098,120.0
railway_0001,FFCC València - Sant Vicenç de Calders,281,39.508032164738005,-0.32722927625695786,100.0,19019.032960187098,120.0
railway_0001,FFCC València - Sant Vicenç de Calders,282,39.508477518756905,-0.3271439190379772,100.0,19019.032960187098,120.0
railway_0001,FFCC València - Sant Vicenç de Calders,283,39.50892287264559,-0.3270585605704777,100.0,19019.032960187098,120.0
railway_0001,FFCC València - Sant Vicenç de Calders,284,39.50936822640405,-0.3269732008544249,100.0,19019.032960187098,120.0
railway_0001,FFCC València - Sant Vicenç de Calders,285,39.50981358003228,-0.3268878398897809,100.0,19019.032960187098,120.0
railway_0001,FFCC València - Sant Vicenç de Calders,286,39.51025893353028,-0.32680247767650483,100.0,19019.032960187098,120.0
railway_0001,FFCC València - Sant Vicenç de Calders,287,39.51070428689802,-0.326717114214564,100.0,19019.032960187098,120.0
railway_0001,FFCC València - Sant Vicenç de Calders,288,39.51114964013553,-0.3266317495039148,100.0,19019.032960187098,120.0
railway_0001,FFCC València - Sant Vicenç de Calders,289,39.51159499324279,-0.3265463835445242,100.0,19019.032960187098,120.0
railway_0001,FFCC València - Sant Vicenç de Calders,290,39.5120403462198,-0.3264610163363504,100.0,19019.032960187098,120.0
railway_0001,FFCC València - Sant Vicenç de Calders,291,39.51248569906657,-0.32637564787935763,100.0,19019.032960187098,120.0
railway_0001,FFCC València - Sant Vicenç de Calders,292,39.51293105178306,-0.3262902781735073,100.0,19019.032960187098,120.0
railway_0001,FFCC València - Sant Vicenç de Calders,293,39.51337640436931,-0.32620490721876255,100.0,19019.032960187098,120.0
railway_0001,FFCC València - Sant Vicenç de Calders,294,39.51382175682531,-0.32611953501508195,100.0,19019.032960187098,120.0
railway_0001,FFCC València - Sant Vicenç de Calders,295,39.51426710915102,-0.3260341615624321,100.0,19019.032960187098,120.0
railway_0001,FFCC València - Sant Vicenç de Calders,296,39.51471246134649,-0.32594878686077206,100.0,19019.032960187098,120.0
railway_0001,FFCC València - Sant Vicenç de Calders,297,39.515157813411655,-0.32586341091006527,100.0,19019.032960187098,120.0
railway_0001,FFCC València - Sant Vicenç de Calders,298,39.515603165346555,-0.32577803371027436,100.0,19019.032960187098,120.0
railway_0001,FFCC València - Sant Vicenç de Calders,299,39.5160485171512,-0.32569265526135793,100.0,19019.032960187098,120.0
railway_0001,FFCC València - Sant Vicenç de Calders,300,39.516493868825556,-0.3256072755632823,100.0,19019.032960187098,120.0
railway_0001,FFCC València - Sant Vicenç de Calders,301,39.516939220369615,-0.3255218946160068,100.0,19019.032960187098,120.0
railway_0001,FFCC València - Sant Vicenç de Calders,302,39.51738457178341,-0.32543651241949484,100.0,19019.032960187098,120.0
railway_0001,FFCC València - Sant Vicenç de Calders,303,39.51782992306691,-0.3253511289737072,100.0,19019.032960187098,120.0
railway_0001,FFCC València - Sant Vicenç de Calders,304,39.5182752742201,-0.3252657442786084,100.0,19019.032960187098,120.0
railway_0001,FFCC València - Sant Vicenç de Calders,305,39.51872062524301,-0.3251803583341571,100.0,19019.032960187098,120.0
railway_0001,FFCC València - Sant Vicenç de Calders,306,39.51916597613562,-0.3250949711403187,100.0,19019.032960187098,120.0
railway_0001,FFCC València - Sant Vicenç de Calders,307,39.519611326897945,-0.3250095826970511,100.0,19019.032960187098,120.0
railway_0001,FFCC València - Sant Vicenç de Calders,308,39.52005667752994,-0.32492419300432207,100.0,19019.032960187098,120.0
railway_0001,FFCC València - Sant Vicenç de Calders,309,39.52050202803162,-0.32483880206208865,100.0,19019.032960187098,120.0
railway_0001,FFCC València - Sant Vicenç de Calders,310,39.52094737840302,-0.32475340987031354,100.0,19019.032960187098,120.0
railway_0001,FFCC València - Sant Vicenç de Calders,311,39.52139272864409,-0.32466801642896287,100.0,19019.032960187098,120.0
railway_0001,FFCC València - Sant Vicenç de Calders,312,39.521838078754854,-0.32458262173799296,100.0,19019.032960187098,120.0
railway_0001,FFCC València - Sant Vicenç de Calders,313,39.52228342873527,-0.3244972257973704,100.0,19019.032960187098,120.0
railway_0001,FFCC València - Sant Vicenç de Calders,314,39.52272877858539,-0.32441182860705464,100.0,19019.032960187098,120.0
railway_0001,FFCC València - Sant Vicenç de Calders,315,39.52317412830517,-0.32432643016700907,100.0,19019.032960187098,120.0
railway_0001,FFCC València - Sant Vicenç de Calders,316,39.52361947789463,-0.32424103047719394,100.0,19019.032960187098,120.0
railway_0001,FFCC València - Sant Vicenç de Calders,317,39.52406482735375,-0.3241556295375735,100.0,19019.032960187098,120.0
railway_0001,FFCC València - Sant Vicenç de Calders,318,39.52451017668254,-0.3240702273481076,100.0,19019.032960187098,120.0
railway_0001,FFCC València - Sant Vicenç de Calders,319,39.52495552588098,-0.3239848239087612,100.0,19019.032960187098,120.0
railway_0001,FFCC València - Sant Vicenç de Calders,320,39.5254008749491,-0.32389941921949267,100.0,19019.032960187098,120.0
railway_0001,FFCC València - Sant Vicenç de Calders,321,39.525846223886845,-0.32381401328026727,100.0,19019.032960187098,120.0
railway_0001,FFCC València - Sant Vicenç de Calders,322,39.52629157269426,-0.32372860609104614,100.0,19019.032960187098,120.0
railway_0001,FFCC València - Sant Vicenç de Calders,323,39.52673692947204,-0.3236432681329766,100.0,19019.032960187098,120.0
railway_0001,FFCC València - Sant Vicenç de Calders,324,39.527182291611055,-0.32355797670470104,100.0,19019.032960187098,120.0
railway_0001,FFCC València - Sant Vicenç de Calders,325,39.52762765361994,-0.3234726840277747,100.0,19019.032960187098,120.0
railway_0001,FFCC València - Sant Vicenç de Calders,326,39.52807301549869,-0.32338739010216094,100.0,19019.032960187098,120.0
railway_0001,FFCC València - Sant Vicenç de Calders,327,39.52851837724729,-0.3233020949278213,100.0,19019.032960187098,120.0
railway_0001,FFCC València - Sant Vicenç de Calders,328,39.528963738865734,-0.3232167985047168,100.0,19019.032960187098,120.0
railway_0001,FFCC València - Sant Vicenç de Calders,329,39.52940910035404,-0.32313150083281117,100.0,19019.032960187098,120.0
railway_0001,FFCC València - Sant Vicenç de Calders,330,39.529854461712205,-0.3230462019120648,100.0,19019.032960187098,120.0
railway_0001,FFCC València - Sant Vicenç de Calders,331,39.53029982294021,-0.32296090174244174,100.0,19019.032960187098,120.0
railway_0001,FFCC València - Sant Vicenç de Calders,332,39.530745184038054,-0.32287560032390317,100.0,19019.032960187098,120.0
railway_0001,FFCC València - Sant Vicenç de Calders,333,39.531190545005735,-0.3227902976564101,100.0,19019.032960187098,120.0
railway_0001,FFCC València - Sant Vicenç de Calders,334,39.53163590584325,-0.32270499373992506,100.0,19019.032960187098,120.0
railway_0001,FFCC València - Sant Vicenç de Calders,335,39.53208126655062,-0.3226196885744104,100.0,19019.032960187098,120.0
railway_0001,FFCC València - Sant Vicenç de Calders,336,39.532526627127815,-0.3225343821598299,100.0,19019.032960187098,120.0
railway_0001,FFCC València - Sant Vicenç de Calders,337,39.532971987574825,-0.3224490744961434,100.0,19019.032960187098,120.0
railway_0001,FFCC València - Sant Vicenç de Calders,338,39.533417347891664,-0.3223637655833123,100.0,19019.032960187098,120.0
railway_0001,FFCC València - Sant Vicenç de Calders,339,39.533862708078324,-0.3222784554213009,100.0,19019.032960187098,120.0
railway_0001,FFCC València - Sant Vicenç de Calders,340,39.534308068134806,-0.3221931440100694,100.0,19019.032960187098,120.0
railway_0001,FFCC València - Sant Vicenç de Calders,341,39.5347534280611,-0.3221078313495816,100.0,19019.032960187098,120.0
railway_0001,FFCC València - Sant Vicenç de Calders,342,39.53519878785721,-0.32202251743979854,100.0,19019.032960187098,120.0
railway_0001,FFCC València - Sant Vicenç de Calders,343,39.53564414752313,-0.32193720228068134,100.0,19019.032960187098,120.0
railway_0001,FFCC València - Sant Vicenç de Calders,344,39.536089507058854,-0.3218518858721945,100.0,19019.032960187098,120.0
railway_0001,FFCC València - Sant Vicenç de Calders,345,39.536534866464386,-0.3217665682142967,100.0,19019.032960187098,120.0
railway_0001,FFCC València - Sant Vicenç de Calders,346,39.53698022573972,-0.32168124930695347,100.0,19019.032960187098,120.0
railway_0001,FFCC València - Sant Vicenç de Calders,347,39.537425584884836,-0.32159592915012525,100.0,19019.032960187098,120.0
railway_0001,FFCC València - Sant Vicenç de Calders,348,39.53787094389976,-0.3215106077437729,100.0,19019.032960187098,120.0
railway_0001,FFCC València - Sant Vicenç de Calders,349,39.53831630278446,-0.3214252850878612,100.0,19019.032960187098,120.0
railway_0001,FFCC València - Sant Vicenç de Calders,350,39.538761661538956,-0.3213399611823498,100.0,19019.032960187098,120.0
railway_0001,FFCC València - Sant Vicenç de Calders,351,39.539207020163246,-0.32125463602720084,100.0,19019.032960187098,120.0
railway_0001,FFCC València - Sant Vicenç de Calders,352,39.539652378657294,-0.32116930962237933,100.0,19019.032960187098,120.0
railway_0001,FFCC València - Sant Vicenç de Calders,353,39.540097737021135,-0.32108398196784277,100.0,19019.032960187098,120.0
railway_0001,FFCC València - Sant Vicenç de Calders,354,39.54054309525474,-0.3209986530635565,100.0,19019.032960187098,120.0
railway_0001,FFCC València - Sant Vicenç de Calders,355,39.54098845335814,-0.3209133229094809,100.0,19019.032960187098,120.0
railway_0001,FFCC València - Sant Vicenç de Calders,356,39.541433811331295,-0.32082799150558,100.0,19019.032960187098,120.0
railway_0001,FFCC València - Sant Vicenç de Calders,357,39.54187916917421,-0.3207426588518138,100.0,19019.032960187098,120.0
railway_0001,FFCC València - Sant Vicenç de Calders,358,39.542324526886894,-0.3206573249481444,100.0,19019.032960187098,120.0
railway_0001,FFCC València - Sant Vicenç de Calders,359,39.542769884469344,-0.320571989794535,100.0,19019.032960187098,120.0
railway_0001,FFCC València - Sant Vicenç de Calders,360,39.54321523690066,-0.3204866097152376,100.0,19019.032960187098,120.0
railway_0001,FFCC València - Sant Vicenç de Calders,361,39.54366057808232,-0.32040113166039214,100.0,19019.032960187098,120.0
railway_0001,FFCC València - Sant Vicenç de Calders,362,39.54410591913345,-0.32031565235375503,100.0,19019.032960187098,120.0
railway_0001,FFCC València - Sant Vicenç de Calders,363,39.544551260054064,-0.32023017179529256,100.0,19019.032960187098,120.0
railway_0001,FFCC València - Sant Vicenç de Calders,364,39.54499660084416,-0.32014468998496615,100.0,19019.032960187098,120.0
railway_0001,FFCC València - Sant Vicenç de Calders,365,39.545441941503746,-0.32005920692273565,100.0,19019.032960187098,120.0
railway_0001,FFCC València - Sant Vicenç de Calders,366,39.545887282032794,-0.3199737226085641,100.0,19019.032960187098,120.0
railway_0001,FFCC València - Sant Vicenç de Calders,367,39.54633262243132,-0.31988823704241565,100.0,19019.032960187098,120.0
railway_0001,FFCC València - Sant Vicenç de Calders,368,39.5467779626993,-0.31980275022424826,100.0,19019.032960187098,120.0
railway_0001,FFCC València - Sant Vicenç de Calders,369,39.547223302836755,-0.3197172621540277,100.0,19019.032960187098,120.0
railway_0001,FFCC València - Sant Vicenç de Calders,370,39.547668642843675,-0.31963177283171257,100.0,19019.032960187098,120.0
railway_0001,FFCC València - Sant Vicenç de Calders,371,39.548113982720054,-0.31954628225726556,100.0,19019.032960187098,120.0
railway_0001,FFCC València - Sant Vicenç de Calders,372,39.548559322465884,-0.31946079043065206,100.0,19019.032960187098,120.0
railway_0001,FFCC València - Sant Vicenç de Calders,373,39.54900466208116,-0.31937529735183035,100.0,19019.032960187098,120.0
railway_0001,FFCC València - Sant Vicenç de Calders,374,39.54945000156588,-0.3192898030207626,100.0,19019.032960187098,120.0
railway_0001,FFCC València - Sant Vicenç de Calders,375,39.54989534092007,-0.3192043074374123,100.0,19019.032960187098,120.0
railway_0001,FFCC València - Sant Vicenç de Calders,376,39.55034068014368,-0.3191188106017401,100.0,19019.032960187098,120.0
railway_0001,FFCC València - Sant Vicenç de Calders,377,39.55078604127414,-0.31903350440002054,100.0,19019.032960187098,120.0
railway_0001,FFCC València - Sant Vicenç de Calders,378,39.5512314157287,-0.3189483140989469,100.0,19019.032960187098,120.0
railway_0001,FFCC València - Sant Vicenç de Calders,379,39.55167679005328,-0.31886312254925786,100.0,19019.032960187098,120.0
railway_0001,FFCC València - Sant Vicenç de Calders,380,39.55212216424787,-0.31877792975091285,100.0,19019.032960187098,120.0
railway_0001,FFCC València - Sant Vicenç de Calders,381,39.552291700000005,-0.31874550000000057,100.0,19019.032960187098,120.0
