candidate,image,score,folder_score,decision
neg_airplane,data\demo\client_uav\queries\neg_airplane\az000_el-10_dusk_operational_v00.jpg,0.2618594765663147,0.356128066778183,unknown
neg_airplane,data\demo\client_uav\queries\neg_airplane\az000_el-10_morning_operational_v00.jpg,0.017482217401266098,0.356128066778183,unknown
neg_airplane,data\demo\client_uav\queries\neg_airplane\az000_el-10_noon_clear_operational_v00.jpg,-0.0960998684167862,0.356128066778183,unknown
neg_airplane,data\demo\client_uav\queries\neg_airplane\az000_el-25_dusk_operational_v00.jpg,-0.26071661710739136,0.356128066778183,unknown
neg_airplane,data\demo\client_uav\queries\neg_airplane\az000_el-25_morning_operational_v00.jpg,-0.4971950948238373,0.356128066778183,unknown
neg_airplane,data\demo\client_uav\queries\neg_airplane\az000_el-25_noon_clear_operational_v00.jpg,-0.07508745789527893,0.356128066778183,unknown
neg_airplane,data\demo\client_uav\queries\neg_airplane\az000_el-45_dusk_operational_v00.jpg,-0.31438714265823364,0.356128066778183,unknown
neg_airplane,data\demo\client_uav\queries\neg_airplane\az000_el-45_morning_operational_v00.jpg,0.11225730925798416,0.356128066778183,unknown
neg_airplane,data\demo\client_uav\queries\neg_airplane\az000_el-45_noon_clear_operational_v00.jpg,-0.07471591234207153,0.356128066778183,unknown
neg_airplane,data\demo\client_uav\queries\neg_airplane\az000_el-65_dusk_operational_v00.jpg,0.0970982015132904,0.356128066778183,unknown
neg_airplane,data\demo\client_uav\queries\neg_airplane\az000_el-65_morning_operational_v00.jpg,0.37672165036201477,0.356128066778183,unknown
neg_airplane,data\demo\client_uav\queries\neg_airplane\az000_el-65_noon_clear_operational_v00.jpg,-0.514922022819519,0.356128066778183,unknown
neg_airplane,data\demo\client_uav\queries\neg_airplane\az045_el-10_dusk_operational_v00.jpg,-0.6515169143676758,0.356128066778183,unknown
neg_airplane,data\demo\client_uav\queries\neg_airplane\az045_el-10_morning_operational_v00.jpg,-0.2651132345199585,0.356128066778183,unknown
neg_airplane,data\demo\client_uav\queries\neg_airplane\az045_el-10_noon_clear_operational_v00.jpg,-0.22330009937286377,0.356128066778183,unknown
neg_airplane,data\demo\client_uav\queries\neg_airplane\az045_el-25_dusk_operational_v00.jpg,-0.44287624955177307,0.356128066778183,unknown
neg_airplane,data\demo\client_uav\queries\neg_airplane\az045_el-25_morning_operational_v00.jpg,-0.5889145731925964,0.356128066778183,unknown
neg_airplane,data\demo\client_uav\queries\neg_airplane\az045_el-25_noon_clear_operational_v00.jpg,-0.13804982602596283,0.356128066778183,unknown
neg_airplane,data\demo\client_uav\queries\neg_airplane\az045_el-45_dusk_operational_v00.jpg,-0.4535260796546936,0.356128066778183,unknown
neg_airplane,data\demo\client_uav\queries\neg_airplane\az045_el-45_morning_operational_v00.jpg,-0.09800244122743607,0.356128066778183,unknown
neg_airplane,data\demo\client_uav\queries\neg_airplane\az045_el-45_noon_clear_operational_v00.jpg,-0.368319034576416,0.356128066778183,unknown
neg_airplane,data\demo\client_uav\queries\neg_airplane\az045_el-65_dusk_operational_v00.jpg,-0.35417264699935913,0.356128066778183,unknown
neg_airplane,data\demo\client_uav\queries\neg_airplane\az045_el-65_morning_operational_v00.jpg,-0.3740479350090027,0.356128066778183,unknown
neg_airplane,data\demo\client_uav\queries\neg_airplane\az045_el-65_noon_clear_operational_v00.jpg,-0.32703423500061035,0.356128066778183,unknown
neg_airplane,data\demo\client_uav\queries\neg_airplane\az090_el-10_dusk_operational_v00.jpg,-0.04880661517381668,0.356128066778183,unknown
neg_airplane,data\demo\client_uav\queries\neg_airplane\az090_el-10_morning_operational_v00.jpg,0.2826409637928009,0.356128066778183,unknown
neg_airplane,data\demo\client_uav\queries\neg_airplane\az090_el-10_noon_clear_operational_v00.jpg,0.11667440086603165,0.356128066778183,unknown
neg_airplane,data\demo\client_uav\queries\neg_airplane\az090_el-25_dusk_operational_v00.jpg,-0.306122750043869,0.356128066778183,unknown
neg_airplane,data\demo\client_uav\queries\neg_airplane\az090_el-25_morning_operational_v00.jpg,0.30117127299308777,0.356128066778183,unknown
neg_airplane,data\demo\client_uav\queries\neg_airplane\az090_el-25_noon_clear_operational_v00.jpg,-0.039817191660404205,0.356128066778183,unknown
neg_airplane,data\demo\client_uav\queries\neg_airplane\az090_el-45_dusk_operational_v00.jpg,-0.521975040435791,0.356128066778183,unknown
neg_airplane,data\demo\client_uav\queries\neg_airplane\az090_el-45_morning_operational_v00.jpg,-0.4950947165489197,0.356128066778183,unknown
neg_airplane,data\demo\client_uav\queries\neg_airplane\az090_el-45_noon_clear_operational_v00.jpg,-0.5315648317337036,0.356128066778183,unknown
neg_airplane,data\demo\client_uav\queries\neg_airplane\az090_el-65_dusk_operational_v00.jpg,-0.40774527192115784,0.356128066778183,unknown
neg_airplane,data\demo\client_uav\queries\neg_airplane\az090_el-65_morning_operational_v00.jpg,-0.28456956148147583,0.356128066778183,unknown
neg_airplane,data\demo\client_uav\queries\neg_airplane\az090_el-65_noon_clear_operational_v00.jpg,-0.21565495431423187,0.356128066778183,unknown
neg_airplane,data\demo\client_uav\queries\neg_airplane\az135_el-10_dusk_operational_v00.jpg,-0.2326655238866806,0.356128066778183,unknown
neg_airplane,data\demo\client_uav\queries\neg_airplane\az135_el-10_morning_operational_v00.jpg,-0.3955405354499817,0.356128066778183,unknown
neg_airplane,data\demo\client_uav\queries\neg_airplane\az135_el-10_noon_clear_operational_v00.jpg,-0.3794248402118683,0.356128066778183,unknown
neg_airplane,data\demo\client_uav\queries\neg_airplane\az135_el-25_dusk_operational_v00.jpg,0.2824757695198059,0.356128066778183,unknown
neg_airplane,data\demo\client_uav\queries\neg_airplane\az135_el-25_morning_operational_v00.jpg,-0.32872721552848816,0.356128066778183,unknown
neg_airplane,data\demo\client_uav\queries\neg_airplane\az135_el-25_noon_clear_operational_v00.jpg,-0.3995305895805359,0.356128066778183,unknown
neg_airplane,data\demo\client_uav\queries\neg_airplane\az135_el-45_dusk_operational_v00.jpg,-0.5909494161605835,0.356128066778183,unknown
neg_airplane,data\demo\client_uav\queries\neg_airplane\az135_el-45_morning_operational_v00.jpg,-0.48749303817749023,0.356128066778183,unknown
neg_airplane,data\demo\client_uav\queries\neg_airplane\az135_el-45_noon_clear_operational_v00.jpg,-0.22431671619415283,0.356128066778183,unknown
neg_airplane,data\demo\client_uav\queries\neg_airplane\az135_el-65_dusk_operational_v00.jpg,-0.4470842778682709,0.356128066778183,unknown
neg_airplane,data\demo\client_uav\queries\neg_airplane\az135_el-65_morning_operational_v00.jpg,-0.36234015226364136,0.356128066778183,unknown
neg_airplane,data\demo\client_uav\queries\neg_airplane\az135_el-65_noon_clear_operational_v00.jpg,-0.25199753046035767,0.356128066778183,unknown
neg_airplane,data\demo\client_uav\queries\neg_airplane\az180_el-10_dusk_operational_v00.jpg,0.03900469094514847,0.356128066778183,unknown
neg_airplane,data\demo\client_uav\queries\neg_airplane\az180_el-10_morning_operational_v00.jpg,0.21875719726085663,0.356128066778183,unknown
neg_airplane,data\demo\client_uav\queries\neg_airplane\az180_el-10_noon_clear_operational_v00.jpg,-0.1541271209716797,0.356128066778183,unknown
neg_airplane,data\demo\client_uav\queries\neg_airplane\az180_el-25_dusk_operational_v00.jpg,0.0008465033024549484,0.356128066778183,unknown
neg_airplane,data\demo\client_uav\queries\neg_airplane\az180_el-25_morning_operational_v00.jpg,0.07357148081064224,0.356128066778183,unknown
neg_airplane,data\demo\client_uav\queries\neg_airplane\az180_el-25_noon_clear_operational_v00.jpg,0.03129987791180611,0.356128066778183,unknown
neg_airplane,data\demo\client_uav\queries\neg_airplane\az180_el-45_dusk_operational_v00.jpg,0.16964688897132874,0.356128066778183,unknown
neg_airplane,data\demo\client_uav\queries\neg_airplane\az180_el-45_morning_operational_v00.jpg,-0.2999810576438904,0.356128066778183,unknown
neg_airplane,data\demo\client_uav\queries\neg_airplane\az180_el-45_noon_clear_operational_v00.jpg,-0.07853145897388458,0.356128066778183,unknown
neg_airplane,data\demo\client_uav\queries\neg_airplane\az180_el-65_dusk_operational_v00.jpg,-0.3946346640586853,0.356128066778183,unknown
neg_airplane,data\demo\client_uav\queries\neg_airplane\az180_el-65_morning_operational_v00.jpg,-0.6278799772262573,0.356128066778183,unknown
neg_airplane,data\demo\client_uav\queries\neg_airplane\az180_el-65_noon_clear_operational_v00.jpg,-0.514168918132782,0.356128066778183,unknown
neg_airplane,data\demo\client_uav\queries\neg_airplane\az225_el-10_dusk_operational_v00.jpg,-0.041520096361637115,0.356128066778183,unknown
neg_airplane,data\demo\client_uav\queries\neg_airplane\az225_el-10_morning_operational_v00.jpg,-0.19452710449695587,0.356128066778183,unknown
neg_airplane,data\demo\client_uav\queries\neg_airplane\az225_el-10_noon_clear_operational_v00.jpg,-0.28305381536483765,0.356128066778183,unknown
neg_airplane,data\demo\client_uav\queries\neg_airplane\az225_el-25_dusk_operational_v00.jpg,-0.11083891987800598,0.356128066778183,unknown
neg_airplane,data\demo\client_uav\queries\neg_airplane\az225_el-25_morning_operational_v00.jpg,0.16053348779678345,0.356128066778183,unknown
neg_airplane,data\demo\client_uav\queries\neg_airplane\az225_el-25_noon_clear_operational_v00.jpg,0.11394724249839783,0.356128066778183,unknown
neg_airplane,data\demo\client_uav\queries\neg_airplane\az225_el-45_dusk_operational_v00.jpg,-0.4128537178039551,0.356128066778183,unknown
neg_airplane,data\demo\client_uav\queries\neg_airplane\az225_el-45_morning_operational_v00.jpg,0.07254427671432495,0.356128066778183,unknown
neg_airplane,data\demo\client_uav\queries\neg_airplane\az225_el-45_noon_clear_operational_v00.jpg,0.06775862723588943,0.356128066778183,unknown
neg_airplane,data\demo\client_uav\queries\neg_airplane\az225_el-65_dusk_operational_v00.jpg,-0.46548861265182495,0.356128066778183,unknown
neg_airplane,data\demo\client_uav\queries\neg_airplane\az225_el-65_morning_operational_v00.jpg,-0.2044515311717987,0.356128066778183,unknown
neg_airplane,data\demo\client_uav\queries\neg_airplane\az225_el-65_noon_clear_operational_v00.jpg,-0.2682865560054779,0.356128066778183,unknown
neg_airplane,data\demo\client_uav\queries\neg_airplane\az270_el-10_dusk_operational_v00.jpg,-0.26222580671310425,0.356128066778183,unknown
neg_airplane,data\demo\client_uav\queries\neg_airplane\az270_el-10_morning_operational_v00.jpg,-0.17655619978904724,0.356128066778183,unknown
neg_airplane,data\demo\client_uav\queries\neg_airplane\az270_el-10_noon_clear_operational_v00.jpg,-0.6714365482330322,0.356128066778183,unknown
neg_airplane,data\demo\client_uav\queries\neg_airplane\az270_el-25_dusk_operational_v00.jpg,0.17720362544059753,0.356128066778183,unknown
neg_airplane,data\demo\client_uav\queries\neg_airplane\az270_el-25_morning_operational_v00.jpg,-0.34215980768203735,0.356128066778183,unknown
neg_airplane,data\demo\client_uav\queries\neg_airplane\az270_el-25_noon_clear_operational_v00.jpg,-0.3724290728569031,0.356128066778183,unknown
neg_airplane,data\demo\client_uav\queries\neg_airplane\az270_el-45_dusk_operational_v00.jpg,-0.03942835330963135,0.356128066778183,unknown
neg_airplane,data\demo\client_uav\queries\neg_airplane\az270_el-45_morning_operational_v00.jpg,-0.3753467798233032,0.356128066778183,unknown
neg_airplane,data\demo\client_uav\queries\neg_airplane\az270_el-45_noon_clear_operational_v00.jpg,-0.3510349988937378,0.356128066778183,unknown
neg_airplane,data\demo\client_uav\queries\neg_airplane\az270_el-65_dusk_operational_v00.jpg,-0.3774414658546448,0.356128066778183,unknown
neg_airplane,data\demo\client_uav\queries\neg_airplane\az270_el-65_morning_operational_v00.jpg,-0.47122329473495483,0.356128066778183,unknown
neg_airplane,data\demo\client_uav\queries\neg_airplane\az270_el-65_noon_clear_operational_v00.jpg,0.16281765699386597,0.356128066778183,unknown
neg_airplane,data\demo\client_uav\queries\neg_airplane\az315_el-10_dusk_operational_v00.jpg,-0.4835205674171448,0.356128066778183,unknown
neg_airplane,data\demo\client_uav\queries\neg_airplane\az315_el-10_morning_operational_v00.jpg,-0.35068660974502563,0.356128066778183,unknown
neg_airplane,data\demo\client_uav\queries\neg_airplane\az315_el-10_noon_clear_operational_v00.jpg,-0.07801692187786102,0.356128066778183,unknown
neg_airplane,data\demo\client_uav\queries\neg_airplane\az315_el-25_dusk_operational_v00.jpg,0.08896522223949432,0.356128066778183,unknown
neg_airplane,data\demo\client_uav\queries\neg_airplane\az315_el-25_morning_operational_v00.jpg,-0.6262935996055603,0.356128066778183,unknown
neg_airplane,data\demo\client_uav\queries\neg_airplane\az315_el-25_noon_clear_operational_v00.jpg,-0.31884175539016724,0.356128066778183,unknown
neg_airplane,data\demo\client_uav\queries\neg_airplane\az315_el-45_dusk_operational_v00.jpg,-0.036718450486660004,0.356128066778183,unknown
neg_airplane,data\demo\client_uav\queries\neg_airplane\az315_el-45_morning_operational_v00.jpg,-0.4068157374858856,0.356128066778183,unknown
neg_airplane,data\demo\client_uav\queries\neg_airplane\az315_el-45_noon_clear_operational_v00.jpg,-0.5556926727294922,0.356128066778183,unknown
neg_airplane,data\demo\client_uav\queries\neg_airplane\az315_el-65_dusk_operational_v00.jpg,0.46397843956947327,0.356128066778183,unknown
neg_airplane,data\demo\client_uav\queries\neg_airplane\az315_el-65_morning_operational_v00.jpg,-0.32112428545951843,0.356128066778183,unknown
neg_airplane,data\demo\client_uav\queries\neg_airplane\az315_el-65_noon_clear_operational_v00.jpg,-0.4574587345123291,0.356128066778183,unknown
uav_low_poly,data\demo\client_uav\queries\uav_low_poly\az000_el-10_dusk_operational_v00.jpg,-0.17395465075969696,0.11778700351715088,unknown
uav_low_poly,data\demo\client_uav\queries\uav_low_poly\az000_el-10_morning_operational_v00.jpg,0.04231103137135506,0.11778700351715088,unknown
uav_low_poly,data\demo\client_uav\queries\uav_low_poly\az000_el-10_noon_clear_operational_v00.jpg,-0.14228731393814087,0.11778700351715088,unknown
uav_low_poly,data\demo\client_uav\queries\uav_low_poly\az000_el-25_dusk_operational_v00.jpg,0.021144837141036987,0.11778700351715088,unknown
uav_low_poly,data\demo\client_uav\queries\uav_low_poly\az000_el-25_morning_operational_v00.jpg,-0.11716794967651367,0.11778700351715088,unknown
uav_low_poly,data\demo\client_uav\queries\uav_low_poly\az000_el-25_noon_clear_operational_v00.jpg,-0.012971505522727966,0.11778700351715088,unknown
uav_low_poly,data\demo\client_uav\queries\uav_low_poly\az000_el-45_dusk_operational_v00.jpg,-0.05137291178107262,0.11778700351715088,unknown
uav_low_poly,data\demo\client_uav\queries\uav_low_poly\az000_el-45_morning_operational_v00.jpg,-0.05485564097762108,0.11778700351715088,unknown
uav_low_poly,data\demo\client_uav\queries\uav_low_poly\az000_el-45_noon_clear_operational_v00.jpg,0.044823430478572845,0.11778700351715088,unknown
uav_low_poly,data\demo\client_uav\queries\uav_low_poly\az000_el-65_dusk_operational_v00.jpg,-0.06883630901575089,0.11778700351715088,unknown
uav_low_poly,data\demo\client_uav\queries\uav_low_poly\az000_el-65_morning_operational_v00.jpg,-0.3195192217826843,0.11778700351715088,unknown
uav_low_poly,data\demo\client_uav\queries\uav_low_poly\az000_el-65_noon_clear_operational_v00.jpg,0.048362426459789276,0.11778700351715088,unknown
uav_low_poly,data\demo\client_uav\queries\uav_low_poly\az045_el-10_dusk_operational_v00.jpg,-0.10189226269721985,0.11778700351715088,unknown
uav_low_poly,data\demo\client_uav\queries\uav_low_poly\az045_el-10_morning_operational_v00.jpg,0.09348301589488983,0.11778700351715088,unknown
uav_low_poly,data\demo\client_uav\queries\uav_low_poly\az045_el-10_noon_clear_operational_v00.jpg,-0.01966678351163864,0.11778700351715088,unknown
uav_low_poly,data\demo\client_uav\queries\uav_low_poly\az045_el-25_dusk_operational_v00.jpg,-0.12828989326953888,0.11778700351715088,unknown
uav_low_poly,data\demo\client_uav\queries\uav_low_poly\az045_el-25_morning_operational_v00.jpg,-0.13861486315727234,0.11778700351715088,unknown
uav_low_poly,data\demo\client_uav\queries\uav_low_poly\az045_el-25_noon_clear_operational_v00.jpg,-0.08814439177513123,0.11778700351715088,unknown
uav_low_poly,data\demo\client_uav\queries\uav_low_poly\az045_el-45_dusk_operational_v00.jpg,-0.008564818650484085,0.11778700351715088,unknown
uav_low_poly,data\demo\client_uav\queries\uav_low_poly\az045_el-45_morning_operational_v00.jpg,0.037446215748786926,0.11778700351715088,unknown
uav_low_poly,data\demo\client_uav\queries\uav_low_poly\az045_el-45_noon_clear_operational_v00.jpg,-0.025102946907281876,0.11778700351715088,unknown
uav_low_poly,data\demo\client_uav\queries\uav_low_poly\az045_el-65_dusk_operational_v00.jpg,-0.08706726878881454,0.11778700351715088,unknown
uav_low_poly,data\demo\client_uav\queries\uav_low_poly\az045_el-65_morning_operational_v00.jpg,-0.05013643577694893,0.11778700351715088,unknown
uav_low_poly,data\demo\client_uav\queries\uav_low_poly\az045_el-65_noon_clear_operational_v00.jpg,-0.022559408098459244,0.11778700351715088,unknown
uav_low_poly,data\demo\client_uav\queries\uav_low_poly\az090_el-10_dusk_operational_v00.jpg,-0.005834273993968964,0.11778700351715088,unknown
uav_low_poly,data\demo\client_uav\queries\uav_low_poly\az090_el-10_morning_operational_v00.jpg,0.010240782052278519,0.11778700351715088,unknown
uav_low_poly,data\demo\client_uav\queries\uav_low_poly\az090_el-10_noon_clear_operational_v00.jpg,0.020437605679035187,0.11778700351715088,unknown
uav_low_poly,data\demo\client_uav\queries\uav_low_poly\az090_el-25_dusk_operational_v00.jpg,-0.005185581743717194,0.11778700351715088,unknown
uav_low_poly,data\demo\client_uav\queries\uav_low_poly\az090_el-25_morning_operational_v00.jpg,0.0036578774452209473,0.11778700351715088,unknown
uav_low_poly,data\demo\client_uav\queries\uav_low_poly\az090_el-25_noon_clear_operational_v00.jpg,-0.0656248927116394,0.11778700351715088,unknown
uav_low_poly,data\demo\client_uav\queries\uav_low_poly\az090_el-45_dusk_operational_v00.jpg,0.021112460643053055,0.11778700351715088,unknown
uav_low_poly,data\demo\client_uav\queries\uav_low_poly\az090_el-45_morning_operational_v00.jpg,-0.0869925245642662,0.11778700351715088,unknown
uav_low_poly,data\demo\client_uav\queries\uav_low_poly\az090_el-45_noon_clear_operational_v00.jpg,-0.050638072192668915,0.11778700351715088,unknown
uav_low_poly,data\demo\client_uav\queries\uav_low_poly\az090_el-65_dusk_operational_v00.jpg,-0.1067437008023262,0.11778700351715088,unknown
uav_low_poly,data\demo\client_uav\queries\uav_low_poly\az090_el-65_morning_operational_v00.jpg,0.003468196839094162,0.11778700351715088,unknown
uav_low_poly,data\demo\client_uav\queries\uav_low_poly\az090_el-65_noon_clear_operational_v00.jpg,0.006628952920436859,0.11778700351715088,unknown
uav_low_poly,data\demo\client_uav\queries\uav_low_poly\az135_el-10_dusk_operational_v00.jpg,-0.10765855759382248,0.11778700351715088,unknown
uav_low_poly,data\demo\client_uav\queries\uav_low_poly\az135_el-10_morning_operational_v00.jpg,-0.18684908747673035,0.11778700351715088,unknown
uav_low_poly,data\demo\client_uav\queries\uav_low_poly\az135_el-10_noon_clear_operational_v00.jpg,-0.021806063130497932,0.11778700351715088,unknown
uav_low_poly,data\demo\client_uav\queries\uav_low_poly\az135_el-25_dusk_operational_v00.jpg,-0.13632476329803467,0.11778700351715088,unknown
uav_low_poly,data\demo\client_uav\queries\uav_low_poly\az135_el-25_morning_operational_v00.jpg,-0.08642522245645523,0.11778700351715088,unknown
uav_low_poly,data\demo\client_uav\queries\uav_low_poly\az135_el-25_noon_clear_operational_v00.jpg,-0.029298819601535797,0.11778700351715088,unknown
uav_low_poly,data\demo\client_uav\queries\uav_low_poly\az135_el-45_dusk_operational_v00.jpg,-0.08093472570180893,0.11778700351715088,unknown
uav_low_poly,data\demo\client_uav\queries\uav_low_poly\az135_el-45_morning_operational_v00.jpg,-0.0328853465616703,0.11778700351715088,unknown
uav_low_poly,data\demo\client_uav\queries\uav_low_poly\az135_el-45_noon_clear_operational_v00.jpg,-0.06682261824607849,0.11778700351715088,unknown
uav_low_poly,data\demo\client_uav\queries\uav_low_poly\az135_el-65_dusk_operational_v00.jpg,-0.06076424568891525,0.11778700351715088,unknown
uav_low_poly,data\demo\client_uav\queries\uav_low_poly\az135_el-65_morning_operational_v00.jpg,0.012805677950382233,0.11778700351715088,unknown
uav_low_poly,data\demo\client_uav\queries\uav_low_poly\az135_el-65_noon_clear_operational_v00.jpg,0.13497301936149597,0.11778700351715088,unknown
uav_low_poly,data\demo\client_uav\queries\uav_low_poly\az180_el-10_dusk_operational_v00.jpg,-0.08488821238279343,0.11778700351715088,unknown
uav_low_poly,data\demo\client_uav\queries\uav_low_poly\az180_el-10_morning_operational_v00.jpg,0.0037432536482810974,0.11778700351715088,unknown
uav_low_poly,data\demo\client_uav\queries\uav_low_poly\az180_el-10_noon_clear_operational_v00.jpg,-0.09583797305822372,0.11778700351715088,unknown
uav_low_poly,data\demo\client_uav\queries\uav_low_poly\az180_el-25_dusk_operational_v00.jpg,-0.04506950080394745,0.11778700351715088,unknown
uav_low_poly,data\demo\client_uav\queries\uav_low_poly\az180_el-25_morning_operational_v00.jpg,-0.03561927378177643,0.11778700351715088,unknown
uav_low_poly,data\demo\client_uav\queries\uav_low_poly\az180_el-25_noon_clear_operational_v00.jpg,-0.09174253046512604,0.11778700351715088,unknown
uav_low_poly,data\demo\client_uav\queries\uav_low_poly\az180_el-45_dusk_operational_v00.jpg,-0.06410114467144012,0.11778700351715088,unknown
uav_low_poly,data\demo\client_uav\queries\uav_low_poly\az180_el-45_morning_operational_v00.jpg,-0.06357716023921967,0.11778700351715088,unknown
uav_low_poly,data\demo\client_uav\queries\uav_low_poly\az180_el-45_noon_clear_operational_v00.jpg,-0.020799141377210617,0.11778700351715088,unknown
uav_low_poly,data\demo\client_uav\queries\uav_low_poly\az180_el-65_dusk_operational_v00.jpg,0.021219462156295776,0.11778700351715088,unknown
uav_low_poly,data\demo\client_uav\queries\uav_low_poly\az180_el-65_morning_operational_v00.jpg,0.05977994203567505,0.11778700351715088,unknown
uav_low_poly,data\demo\client_uav\queries\uav_low_poly\az180_el-65_noon_clear_operational_v00.jpg,-0.042080290615558624,0.11778700351715088,unknown
uav_low_poly,data\demo\client_uav\queries\uav_low_poly\az225_el-10_dusk_operational_v00.jpg,-0.18733669817447662,0.11778700351715088,unknown
uav_low_poly,data\demo\client_uav\queries\uav_low_poly\az225_el-10_morning_operational_v00.jpg,0.01158200204372406,0.11778700351715088,unknown
uav_low_poly,data\demo\client_uav\queries\uav_low_poly\az225_el-10_noon_clear_operational_v00.jpg,-0.1589265763759613,0.11778700351715088,unknown
uav_low_poly,data\demo\client_uav\queries\uav_low_poly\az225_el-25_dusk_operational_v00.jpg,-0.027812741696834564,0.11778700351715088,unknown
uav_low_poly,data\demo\client_uav\queries\uav_low_poly\az225_el-25_morning_operational_v00.jpg,-0.17952945828437805,0.11778700351715088,unknown
uav_low_poly,data\demo\client_uav\queries\uav_low_poly\az225_el-25_noon_clear_operational_v00.jpg,-0.0603676438331604,0.11778700351715088,unknown
uav_low_poly,data\demo\client_uav\queries\uav_low_poly\az225_el-45_dusk_operational_v00.jpg,-0.07619362324476242,0.11778700351715088,unknown
uav_low_poly,data\demo\client_uav\queries\uav_low_poly\az225_el-45_morning_operational_v00.jpg,-0.09729622304439545,0.11778700351715088,unknown
uav_low_poly,data\demo\client_uav\queries\uav_low_poly\az225_el-45_noon_clear_operational_v00.jpg,-0.07627910375595093,0.11778700351715088,unknown
uav_low_poly,data\demo\client_uav\queries\uav_low_poly\az225_el-65_dusk_operational_v00.jpg,-0.004030976444482803,0.11778700351715088,unknown
uav_low_poly,data\demo\client_uav\queries\uav_low_poly\az225_el-65_morning_operational_v00.jpg,0.16021548211574554,0.11778700351715088,unknown
uav_low_poly,data\demo\client_uav\queries\uav_low_poly\az225_el-65_noon_clear_operational_v00.jpg,-0.024545133113861084,0.11778700351715088,unknown
uav_low_poly,data\demo\client_uav\queries\uav_low_poly\az270_el-10_dusk_operational_v00.jpg,-0.11688204854726791,0.11778700351715088,unknown
uav_low_poly,data\demo\client_uav\queries\uav_low_poly\az270_el-10_morning_operational_v00.jpg,-0.01371428370475769,0.11778700351715088,unknown
uav_low_poly,data\demo\client_uav\queries\uav_low_poly\az270_el-10_noon_clear_operational_v00.jpg,-0.04872030019760132,0.11778700351715088,unknown
uav_low_poly,data\demo\client_uav\queries\uav_low_poly\az270_el-25_dusk_operational_v00.jpg,-0.10706035792827606,0.11778700351715088,unknown
uav_low_poly,data\demo\client_uav\queries\uav_low_poly\az270_el-25_morning_operational_v00.jpg,-0.08905775099992752,0.11778700351715088,unknown
uav_low_poly,data\demo\client_uav\queries\uav_low_poly\az270_el-25_noon_clear_operational_v00.jpg,-0.05940594524145126,0.11778700351715088,unknown
uav_low_poly,data\demo\client_uav\queries\uav_low_poly\az270_el-45_dusk_operational_v00.jpg,0.08247649669647217,0.11778700351715088,unknown
uav_low_poly,data\demo\client_uav\queries\uav_low_poly\az270_el-45_morning_operational_v00.jpg,-0.13585175573825836,0.11778700351715088,unknown
uav_low_poly,data\demo\client_uav\queries\uav_low_poly\az270_el-45_noon_clear_operational_v00.jpg,-0.13298192620277405,0.11778700351715088,unknown
uav_low_poly,data\demo\client_uav\queries\uav_low_poly\az270_el-65_dusk_operational_v00.jpg,-0.08790619671344757,0.11778700351715088,unknown
uav_low_poly,data\demo\client_uav\queries\uav_low_poly\az270_el-65_morning_operational_v00.jpg,-0.25749558210372925,0.11778700351715088,unknown
uav_low_poly,data\demo\client_uav\queries\uav_low_poly\az270_el-65_noon_clear_operational_v00.jpg,-0.030650444328784943,0.11778700351715088,unknown
uav_low_poly,data\demo\client_uav\queries\uav_low_poly\az315_el-10_dusk_operational_v00.jpg,-0.06364929676055908,0.11778700351715088,unknown
uav_low_poly,data\demo\client_uav\queries\uav_low_poly\az315_el-10_morning_operational_v00.jpg,-0.251353919506073,0.11778700351715088,unknown
uav_low_poly,data\demo\client_uav\queries\uav_low_poly\az315_el-10_noon_clear_operational_v00.jpg,-0.24009883403778076,0.11778700351715088,unknown
uav_low_poly,data\demo\client_uav\queries\uav_low_poly\az315_el-25_dusk_operational_v00.jpg,-0.01733885332942009,0.11778700351715088,unknown
uav_low_poly,data\demo\client_uav\queries\uav_low_poly\az315_el-25_morning_operational_v00.jpg,-0.08213339745998383,0.11778700351715088,unknown
uav_low_poly,data\demo\client_uav\queries\uav_low_poly\az315_el-25_noon_clear_operational_v00.jpg,-0.08537550270557404,0.11778700351715088,unknown
uav_low_poly,data\demo\client_uav\queries\uav_low_poly\az315_el-45_dusk_operational_v00.jpg,-0.10410597175359726,0.11778700351715088,unknown
uav_low_poly,data\demo\client_uav\queries\uav_low_poly\az315_el-45_morning_operational_v00.jpg,0.027177855372428894,0.11778700351715088,unknown
uav_low_poly,data\demo\client_uav\queries\uav_low_poly\az315_el-45_noon_clear_operational_v00.jpg,-0.056339897215366364,0.11778700351715088,unknown
uav_low_poly,data\demo\client_uav\queries\uav_low_poly\az315_el-65_dusk_operational_v00.jpg,-0.06817562878131866,0.11778700351715088,unknown
uav_low_poly,data\demo\client_uav\queries\uav_low_poly\az315_el-65_morning_operational_v00.jpg,0.005408395081758499,0.11778700351715088,unknown
uav_low_poly,data\demo\client_uav\queries\uav_low_poly\az315_el-65_noon_clear_operational_v00.jpg,-0.003113444894552231,0.11778700351715088,unknown
Ukraine_pavilion,data\demo\client_uav\queries\Ukraine_pavilion\az000_el-25_dusk_operational_v00.jpg,-0.4389336109161377,0.06618737429380417,unknown
Ukraine_pavilion,data\demo\client_uav\queries\Ukraine_pavilion\az000_el-25_morning_operational_v00.jpg,0.11499392986297607,0.06618737429380417,unknown
Ukraine_pavilion,data\demo\client_uav\queries\Ukraine_pavilion\az000_el-25_noon_clear_operational_v00.jpg,0.03494024649262428,0.06618737429380417,unknown
Ukraine_pavilion,data\demo\client_uav\queries\Ukraine_pavilion\az072_el-25_dusk_operational_v00.jpg,-0.4326591193675995,0.06618737429380417,unknown
Ukraine_pavilion,data\demo\client_uav\queries\Ukraine_pavilion\az072_el-25_morning_operational_v00.jpg,-0.675238847732544,0.06618737429380417,unknown
Ukraine_pavilion,data\demo\client_uav\queries\Ukraine_pavilion\az072_el-25_noon_clear_operational_v00.jpg,-0.2028367519378662,0.06618737429380417,unknown
Ukraine_pavilion,data\demo\client_uav\queries\Ukraine_pavilion\az144_el-25_dusk_operational_v00.jpg,-0.26582735776901245,0.06618737429380417,unknown
Ukraine_pavilion,data\demo\client_uav\queries\Ukraine_pavilion\az144_el-25_morning_operational_v00.jpg,-0.25474780797958374,0.06618737429380417,unknown
Ukraine_pavilion,data\demo\client_uav\queries\Ukraine_pavilion\az144_el-25_noon_clear_operational_v00.jpg,-0.05623426288366318,0.06618737429380417,unknown
Ukraine_pavilion,data\demo\client_uav\queries\Ukraine_pavilion\az216_el-25_dusk_operational_v00.jpg,-0.18168775737285614,0.06618737429380417,unknown
Ukraine_pavilion,data\demo\client_uav\queries\Ukraine_pavilion\az216_el-25_morning_operational_v00.jpg,-0.2931251525878906,0.06618737429380417,unknown
Ukraine_pavilion,data\demo\client_uav\queries\Ukraine_pavilion\az216_el-25_noon_clear_operational_v00.jpg,0.1710495799779892,0.06618737429380417,unknown
Ukraine_pavilion,data\demo\client_uav\queries\Ukraine_pavilion\az288_el-25_dusk_operational_v00.jpg,-0.31353598833084106,0.06618737429380417,unknown
Ukraine_pavilion,data\demo\client_uav\queries\Ukraine_pavilion\az288_el-25_morning_operational_v00.jpg,-0.2513557970523834,0.06618737429380417,unknown
Ukraine_pavilion,data\demo\client_uav\queries\Ukraine_pavilion\az288_el-25_noon_clear_operational_v00.jpg,-0.07832711189985275,0.06618737429380417,unknown
Ukraine_PD-2_UAV,data\demo\client_uav\queries\Ukraine_PD-2_UAV\az000_el-25_dusk_operational_v00.jpg,0.3123200535774231,0.5159907341003418,MATCH
Ukraine_PD-2_UAV,data\demo\client_uav\queries\Ukraine_PD-2_UAV\az000_el-25_morning_operational_v00.jpg,0.37785497307777405,0.5159907341003418,MATCH
Ukraine_PD-2_UAV,data\demo\client_uav\queries\Ukraine_PD-2_UAV\az000_el-25_noon_clear_operational_v00.jpg,0.4234601557254791,0.5159907341003418,MATCH
Ukraine_PD-2_UAV,data\demo\client_uav\queries\Ukraine_PD-2_UAV\az072_el-25_dusk_operational_v00.jpg,-0.7840131521224976,0.5159907341003418,MATCH
Ukraine_PD-2_UAV,data\demo\client_uav\queries\Ukraine_PD-2_UAV\az072_el-25_morning_operational_v00.jpg,-0.6354578733444214,0.5159907341003418,MATCH
Ukraine_PD-2_UAV,data\demo\client_uav\queries\Ukraine_PD-2_UAV\az072_el-25_noon_clear_operational_v00.jpg,-0.5162944793701172,0.5159907341003418,MATCH
Ukraine_PD-2_UAV,data\demo\client_uav\queries\Ukraine_PD-2_UAV\az144_el-25_dusk_operational_v00.jpg,0.639541745185852,0.5159907341003418,MATCH
Ukraine_PD-2_UAV,data\demo\client_uav\queries\Ukraine_PD-2_UAV\az144_el-25_morning_operational_v00.jpg,0.623106062412262,0.5159907341003418,MATCH
Ukraine_PD-2_UAV,data\demo\client_uav\queries\Ukraine_PD-2_UAV\az144_el-25_noon_clear_operational_v00.jpg,-0.05181630328297615,0.5159907341003418,MATCH
Ukraine_PD-2_UAV,data\demo\client_uav\queries\Ukraine_PD-2_UAV\az216_el-25_dusk_operational_v00.jpg,-0.3702109456062317,0.5159907341003418,MATCH
Ukraine_PD-2_UAV,data\demo\client_uav\queries\Ukraine_PD-2_UAV\az216_el-25_morning_operational_v00.jpg,-0.21589893102645874,0.5159907341003418,MATCH
Ukraine_PD-2_UAV,data\demo\client_uav\queries\Ukraine_PD-2_UAV\az216_el-25_noon_clear_operational_v00.jpg,0.05630011856555939,0.5159907341003418,MATCH
Ukraine_PD-2_UAV,data\demo\client_uav\queries\Ukraine_PD-2_UAV\az288_el-25_dusk_operational_v00.jpg,-0.7293922901153564,0.5159907341003418,MATCH
Ukraine_PD-2_UAV,data\demo\client_uav\queries\Ukraine_PD-2_UAV\az288_el-25_morning_operational_v00.jpg,-0.21375331282615662,0.5159907341003418,MATCH
Ukraine_PD-2_UAV,data\demo\client_uav\queries\Ukraine_PD-2_UAV\az288_el-25_noon_clear_operational_v00.jpg,-0.7073877453804016,0.5159907341003418,MATCH
