threshold,tp,fn,fp,tn,tpr,fpr,acc,bal_acc,youden
-0.014270497858524323,66,0,5,0,1.0,1.0,0.9295774647887324,0.5,0.0
-0.01107962461721957,66,0,5,0,1.0,1.0,0.9295774647887324,0.5,0.0
-0.00788875137591482,65,1,5,0,0.9848484848484849,1.0,0.9154929577464789,0.49242424242424243,-0.015151515151515138
-0.004697878134610067,65,1,5,0,0.9848484848484849,1.0,0.9154929577464789,0.49242424242424243,-0.015151515151515138
-0.0015070048933053144,64,2,5,0,0.9696969696969697,1.0,0.9014084507042254,0.48484848484848486,-0.030303030303030276
0.0016838683479994381,63,3,5,0,0.9545454545454546,1.0,0.8873239436619719,0.4772727272727273,-0.045454545454545414
0.004874741589304189,63,3,5,0,0.9545454545454546,1.0,0.8873239436619719,0.4772727272727273,-0.045454545454545414
0.008065614830608943,62,4,5,0,0.9393939393939394,1.0,0.8732394366197183,0.4696969696969697,-0.06060606060606055
0.011256488071913694,62,4,5,0,0.9393939393939394,1.0,0.8732394366197183,0.4696969696969697,-0.06060606060606055
0.014447361313218445,62,4,5,0,0.9393939393939394,1.0,0.8732394366197183,0.4696969696969697,-0.06060606060606055
0.0176382345545232,62,4,5,0,0.9393939393939394,1.0,0.8732394366197183,0.4696969696969697,-0.06060606060606055
0.02082910779582795,62,4,5,0,0.9393939393939394,1.0,0.8732394366197183,0.4696969696969697,-0.06060606060606055
0.024019981037132702,62,4,5,0,0.9393939393939394,1.0,0.8732394366197183,0.4696969696969697,-0.06060606060606055
0.027210854278437453,62,4,5,0,0.9393939393939394,1.0,0.8732394366197183,0.4696969696969697,-0.06060606060606055
0.03040172751974221,62,4,5,0,0.9393939393939394,1.0,0.8732394366197183,0.4696969696969697,-0.06060606060606055
0.03359260076104696,61,5,5,0,0.9242424242424242,1.0,0.8591549295774648,0.4621212121212121,-0.0757575757575758
0.03678347400235171,60,6,5,0,0.9090909090909091,1.0,0.8450704225352113,0.45454545454545453,-0.09090909090909094
0.03997434724365646,60,6,5,0,0.9090909090909091,1.0,0.8450704225352113,0.45454545454545453,-0.09090909090909094
0.043165220484961214,59,7,5,0,0.8939393939393939,1.0,0.8309859154929577,0.44696969696969696,-0.10606060606060608
0.04635609372626597,59,7,5,0,0.8939393939393939,1.0,0.8309859154929577,0.44696969696969696,-0.10606060606060608
0.04954696696757072,59,7,5,0,0.8939393939393939,1.0,0.8309859154929577,0.44696969696969696,-0.10606060606060608
0.052737840208875474,59,7,5,0,0.8939393939393939,1.0,0.8309859154929577,0.44696969696969696,-0.10606060606060608
0.055928713450180224,59,7,5,0,0.8939393939393939,1.0,0.8309859154929577,0.44696969696969696,-0.10606060606060608
0.059119586691484975,59,7,5,0,0.8939393939393939,1.0,0.8309859154929577,0.44696969696969696,-0.10606060606060608
0.062310459932789726,59,7,5,0,0.8939393939393939,1.0,0.8309859154929577,0.44696969696969696,-0.10606060606060608
0.06550133317409447,59,7,5,0,0.8939393939393939,1.0,0.8309859154929577,0.44696969696969696,-0.10606060606060608
0.06869220641539922,58,8,5,0,0.8787878787878788,1.0,0.8169014084507042,0.4393939393939394,-0.12121212121212122
0.07188307965670399,58,8,5,0,0.8787878787878788,1.0,0.8169014084507042,0.4393939393939394,-0.12121212121212122
0.07507395289800874,58,8,5,0,0.8787878787878788,1.0,0.8169014084507042,0.4393939393939394,-0.12121212121212122
0.07826482613931349,58,8,5,0,0.8787878787878788,1.0,0.8169014084507042,0.4393939393939394,-0.12121212121212122
0.08145569938061824,58,8,5,0,0.8787878787878788,1.0,0.8169014084507042,0.4393939393939394,-0.12121212121212122
0.08464657262192299,58,8,5,0,0.8787878787878788,1.0,0.8169014084507042,0.4393939393939394,-0.12121212121212122
0.08783744586322774,58,8,5,0,0.8787878787878788,1.0,0.8169014084507042,0.4393939393939394,-0.12121212121212122
0.09102831910453249,58,8,5,0,0.8787878787878788,1.0,0.8169014084507042,0.4393939393939394,-0.12121212121212122
0.09421919234583724,58,8,5,0,0.8787878787878788,1.0,0.8169014084507042,0.4393939393939394,-0.12121212121212122
0.09741006558714199,58,8,5,0,0.8787878787878788,1.0,0.8169014084507042,0.4393939393939394,-0.12121212121212122
0.10060093882844674,58,8,5,0,0.8787878787878788,1.0,0.8169014084507042,0.4393939393939394,-0.12121212121212122
0.1037918120697515,58,8,5,0,0.8787878787878788,1.0,0.8169014084507042,0.4393939393939394,-0.12121212121212122
0.10698268531105626,58,8,5,0,0.8787878787878788,1.0,0.8169014084507042,0.4393939393939394,-0.12121212121212122
0.11017355855236101,58,8,5,0,0.8787878787878788,1.0,0.8169014084507042,0.4393939393939394,-0.12121212121212122
0.11336443179366576,57,9,5,0,0.8636363636363636,1.0,0.8028169014084507,0.4318181818181818,-0.13636363636363635
0.1165553050349705,56,10,4,1,0.8484848484848485,0.8,0.8028169014084507,0.5242424242424242,0.048484848484848464
0.11974617827627526,56,10,4,1,0.8484848484848485,0.8,0.8028169014084507,0.5242424242424242,0.048484848484848464
0.12293705151758003,56,10,4,1,0.8484848484848485,0.8,0.8028169014084507,0.5242424242424242,0.048484848484848464
0.12612792475888476,56,10,3,2,0.8484848484848485,0.6,0.8169014084507042,0.6242424242424243,0.24848484848484853
0.12931879800018953,56,10,3,2,0.8484848484848485,0.6,0.8169014084507042,0.6242424242424243,0.24848484848484853
0.13250967124149426,56,10,3,2,0.8484848484848485,0.6,0.8169014084507042,0.6242424242424243,0.24848484848484853
0.13570054448279903,56,10,3,2,0.8484848484848485,0.6,0.8169014084507042,0.6242424242424243,0.24848484848484853
0.13889141772410377,55,11,2,3,0.8333333333333334,0.4,0.8169014084507042,0.7166666666666667,0.43333333333333335
0.14208229096540853,55,11,2,3,0.8333333333333334,0.4,0.8169014084507042,0.7166666666666667,0.43333333333333335
0.14527316420671327,54,12,2,3,0.8181818181818182,0.4,0.8028169014084507,0.7090909090909091,0.4181818181818182
0.14846403744801803,53,13,2,3,0.803030303030303,0.4,0.7887323943661971,0.7015151515151514,0.40303030303030296
0.15165491068932277,52,14,2,3,0.7878787878787878,0.4,0.7746478873239436,0.6939393939393939,0.3878787878787878
0.15484578393062753,52,14,1,4,0.7878787878787878,0.2,0.7887323943661971,0.793939393939394,0.5878787878787879
0.1580366571719323,52,14,1,4,0.7878787878787878,0.2,0.7887323943661971,0.793939393939394,0.5878787878787879
0.16122753041323704,52,14,1,4,0.7878787878787878,0.2,0.7887323943661971,0.793939393939394,0.5878787878787879
0.1644184036545418,51,15,1,4,0.7727272727272727,0.2,0.7746478873239436,0.7863636363636364,0.5727272727272728
0.16760927689584654,51,15,1,4,0.7727272727272727,0.2,0.7746478873239436,0.7863636363636364,0.5727272727272728
0.1708001501371513,51,15,1,4,0.7727272727272727,0.2,0.7746478873239436,0.7863636363636364,0.5727272727272728
0.17399102337845604,51,15,1,4,0.7727272727272727,0.2,0.7746478873239436,0.7863636363636364,0.5727272727272728
0.1771818966197608,50,16,0,5,0.7575757575757576,0.0,0.7746478873239436,0.8787878787878788,0.7575757575757576
0.18037276986106554,49,17,0,5,0.7424242424242424,0.0,0.7605633802816901,0.8712121212121212,0.7424242424242424
0.1835636431023703,49,17,0,5,0.7424242424242424,0.0,0.7605633802816901,0.8712121212121212,0.7424242424242424
0.18675451634367504,49,17,0,5,0.7424242424242424,0.0,0.7605633802816901,0.8712121212121212,0.7424242424242424
0.1899453895849798,48,18,0,5,0.7272727272727273,0.0,0.7464788732394366,0.8636363636363636,0.7272727272727273
0.19313626282628457,48,18,0,5,0.7272727272727273,0.0,0.7464788732394366,0.8636363636363636,0.7272727272727273
0.1963271360675893,48,18,0,5,0.7272727272727273,0.0,0.7464788732394366,0.8636363636363636,0.7272727272727273
0.19951800930889407,47,19,0,5,0.7121212121212122,0.0,0.7323943661971831,0.8560606060606061,0.7121212121212122
0.2027088825501988,46,20,0,5,0.696969696969697,0.0,0.7183098591549296,0.8484848484848485,0.696969696969697
0.20589975579150357,46,20,0,5,0.696969696969697,0.0,0.7183098591549296,0.8484848484848485,0.696969696969697
0.2090906290328083,45,21,0,5,0.6818181818181818,0.0,0.704225352112676,0.8409090909090908,0.6818181818181818
0.21228150227411308,45,21,0,5,0.6818181818181818,0.0,0.704225352112676,0.8409090909090908,0.6818181818181818
0.2154723755154178,45,21,0,5,0.6818181818181818,0.0,0.704225352112676,0.8409090909090908,0.6818181818181818
0.21866324875672258,45,21,0,5,0.6818181818181818,0.0,0.704225352112676,0.8409090909090908,0.6818181818181818
0.22185412199802731,45,21,0,5,0.6818181818181818,0.0,0.704225352112676,0.8409090909090908,0.6818181818181818
0.22504499523933208,43,23,0,5,0.6515151515151515,0.0,0.676056338028169,0.8257575757575757,0.6515151515151515
0.22823586848063684,43,23,0,5,0.6515151515151515,0.0,0.676056338028169,0.8257575757575757,0.6515151515151515
0.23142674172194158,42,24,0,5,0.6363636363636364,0.0,0.6619718309859155,0.8181818181818181,0.6363636363636364
0.23461761496324635,42,24,0,5,0.6363636363636364,0.0,0.6619718309859155,0.8181818181818181,0.6363636363636364
0.2378084882045511,41,25,0,5,0.6212121212121212,0.0,0.647887323943662,0.8106060606060606,0.6212121212121212
0.24099936144585585,39,27,0,5,0.5909090909090909,0.0,0.6197183098591549,0.7954545454545454,0.5909090909090909
0.24419023468716058,39,27,0,5,0.5909090909090909,0.0,0.6197183098591549,0.7954545454545454,0.5909090909090909
0.24738110792846532,38,28,0,5,0.5757575757575758,0.0,0.6056338028169014,0.7878787878787878,0.5757575757575758
0.25057198116977014,37,29,0,5,0.5606060606060606,0.0,0.5915492957746479,0.7803030303030303,0.5606060606060606
0.2537628544110749,36,30,0,5,0.5454545454545454,0.0,0.5774647887323944,0.7727272727272727,0.5454545454545454
0.2569537276523796,35,31,0,5,0.5303030303030303,0.0,0.5633802816901409,0.7651515151515151,0.5303030303030303
0.2601446008936844,34,32,0,5,0.5151515151515151,0.0,0.5492957746478874,0.7575757575757576,0.5151515151515151
0.26333547413498914,33,33,0,5,0.5,0.0,0.5352112676056338,0.75,0.5
0.2665263473762939,32,34,0,5,0.48484848484848486,0.0,0.5211267605633803,0.7424242424242424,0.48484848484848486
0.2697172206175986,30,36,0,5,0.45454545454545453,0.0,0.49295774647887325,0.7272727272727273,0.45454545454545453
0.2729080938589034,30,36,0,5,0.45454545454545453,0.0,0.49295774647887325,0.7272727272727273,0.45454545454545453
0.27609896710020815,29,37,0,5,0.4393939393939394,0.0,0.4788732394366197,0.7196969696969697,0.4393939393939394
0.2792898403415129,27,39,0,5,0.4090909090909091,0.0,0.4507042253521127,0.7045454545454546,0.4090909090909091
0.2824807135828176,27,39,0,5,0.4090909090909091,0.0,0.4507042253521127,0.7045454545454546,0.4090909090909091
0.2856715868241224,26,40,0,5,0.3939393939393939,0.0,0.43661971830985913,0.696969696969697,0.3939393939393939
0.28886246006542715,26,40,0,5,0.3939393939393939,0.0,0.43661971830985913,0.696969696969697,0.3939393939393939
0.2920533333067319,26,40,0,5,0.3939393939393939,0.0,0.43661971830985913,0.696969696969697,0.3939393939393939
0.2952442065480367,25,41,0,5,0.3787878787878788,0.0,0.4225352112676056,0.6893939393939394,0.3787878787878788
0.2984350797893414,25,41,0,5,0.3787878787878788,0.0,0.4225352112676056,0.6893939393939394,0.3787878787878788
0.30162595303064615,25,41,0,5,0.3787878787878788,0.0,0.4225352112676056,0.6893939393939394,0.3787878787878788
0.3048168262719509,25,41,0,5,0.3787878787878788,0.0,0.4225352112676056,0.6893939393939394,0.3787878787878788
0.3080076995132557,25,41,0,5,0.3787878787878788,0.0,0.4225352112676056,0.6893939393939394,0.3787878787878788
0.3111985727545604,25,41,0,5,0.3787878787878788,0.0,0.4225352112676056,0.6893939393939394,0.3787878787878788
0.31438944599586516,25,41,0,5,0.3787878787878788,0.0,0.4225352112676056,0.6893939393939394,0.3787878787878788
0.3175803192371699,25,41,0,5,0.3787878787878788,0.0,0.4225352112676056,0.6893939393939394,0.3787878787878788
0.3207711924784747,25,41,0,5,0.3787878787878788,0.0,0.4225352112676056,0.6893939393939394,0.3787878787878788
0.3239620657197794,25,41,0,5,0.3787878787878788,0.0,0.4225352112676056,0.6893939393939394,0.3787878787878788
0.32715293896108416,25,41,0,5,0.3787878787878788,0.0,0.4225352112676056,0.6893939393939394,0.3787878787878788
0.33034381220238895,25,41,0,5,0.3787878787878788,0.0,0.4225352112676056,0.6893939393939394,0.3787878787878788
0.3335346854436937,25,41,0,5,0.3787878787878788,0.0,0.4225352112676056,0.6893939393939394,0.3787878787878788
0.3367255586849984,25,41,0,5,0.3787878787878788,0.0,0.4225352112676056,0.6893939393939394,0.3787878787878788
0.33991643192630316,25,41,0,5,0.3787878787878788,0.0,0.4225352112676056,0.6893939393939394,0.3787878787878788
0.34310730516760796,25,41,0,5,0.3787878787878788,0.0,0.4225352112676056,0.6893939393939394,0.3787878787878788
0.3462981784089127,25,41,0,5,0.3787878787878788,0.0,0.4225352112676056,0.6893939393939394,0.3787878787878788
0.34948905165021743,24,42,0,5,0.36363636363636365,0.0,0.4084507042253521,0.6818181818181819,0.36363636363636365
0.35267992489152217,24,42,0,5,0.36363636363636365,0.0,0.4084507042253521,0.6818181818181819,0.36363636363636365
0.35587079813282696,24,42,0,5,0.36363636363636365,0.0,0.4084507042253521,0.6818181818181819,0.36363636363636365
0.3590616713741317,24,42,0,5,0.36363636363636365,0.0,0.4084507042253521,0.6818181818181819,0.36363636363636365
0.36225254461543643,24,42,0,5,0.36363636363636365,0.0,0.4084507042253521,0.6818181818181819,0.36363636363636365
0.3654434178567412,24,42,0,5,0.36363636363636365,0.0,0.4084507042253521,0.6818181818181819,0.36363636363636365
0.36863429109804596,24,42,0,5,0.36363636363636365,0.0,0.4084507042253521,0.6818181818181819,0.36363636363636365
0.3718251643393507,24,42,0,5,0.36363636363636365,0.0,0.4084507042253521,0.6818181818181819,0.36363636363636365
0.37501603758065544,23,43,0,5,0.3484848484848485,0.0,0.39436619718309857,0.6742424242424243,0.3484848484848485
0.37820691082196023,23,43,0,5,0.3484848484848485,0.0,0.39436619718309857,0.6742424242424243,0.3484848484848485
0.38139778406326497,22,44,0,5,0.3333333333333333,0.0,0.38028169014084506,0.6666666666666666,0.3333333333333333
0.3845886573045697,21,45,0,5,0.3181818181818182,0.0,0.36619718309859156,0.6590909090909091,0.3181818181818182
0.38777953054587444,19,47,0,5,0.2878787878787879,0.0,0.3380281690140845,0.6439393939393939,0.2878787878787879
0.39097040378717923,18,48,0,5,0.2727272727272727,0.0,0.323943661971831,0.6363636363636364,0.2727272727272727
0.39416127702848397,17,49,0,5,0.25757575757575757,0.0,0.30985915492957744,0.6287878787878788,0.25757575757575757
0.3973521502697887,17,49,0,5,0.25757575757575757,0.0,0.30985915492957744,0.6287878787878788,0.25757575757575757
0.4005430235110935,17,49,0,5,0.25757575757575757,0.0,0.30985915492957744,0.6287878787878788,0.25757575757575757
0.40373389675239824,16,50,0,5,0.24242424242424243,0.0,0.29577464788732394,0.6212121212121212,0.24242424242424243
0.406924769993703,16,50,0,5,0.24242424242424243,0.0,0.29577464788732394,0.6212121212121212,0.24242424242424243
0.4101156432350077,15,51,0,5,0.22727272727272727,0.0,0.28169014084507044,0.6136363636363636,0.22727272727272727
0.4133065164763125,14,52,0,5,0.21212121212121213,0.0,0.2676056338028169,0.6060606060606061,0.21212121212121213
0.41649738971761724,13,53,0,5,0.19696969696969696,0.0,0.2535211267605634,0.5984848484848485,0.19696969696969696
0.419688262958922,12,54,0,5,0.18181818181818182,0.0,0.23943661971830985,0.5909090909090909,0.18181818181818182
0.4228791362002267,11,55,0,5,0.16666666666666666,0.0,0.22535211267605634,0.5833333333333334,0.16666666666666666
0.4260700094415315,11,55,0,5,0.16666666666666666,0.0,0.22535211267605634,0.5833333333333334,0.16666666666666666
0.42926088268283624,11,55,0,5,0.16666666666666666,0.0,0.22535211267605634,0.5833333333333334,0.16666666666666666
0.432451755924141,11,55,0,5,0.16666666666666666,0.0,0.22535211267605634,0.5833333333333334,0.16666666666666666
0.43564262916544577,10,56,0,5,0.15151515151515152,0.0,0.2112676056338028,0.5757575757575758,0.15151515151515152
0.4388335024067505,8,58,0,5,0.12121212121212122,0.0,0.18309859154929578,0.5606060606060606,0.12121212121212122
0.44202437564805525,8,58,0,5,0.12121212121212122,0.0,0.18309859154929578,0.5606060606060606,0.12121212121212122
0.44521524888936,8,58,0,5,0.12121212121212122,0.0,0.18309859154929578,0.5606060606060606,0.12121212121212122
0.4484061221306648,8,58,0,5,0.12121212121212122,0.0,0.18309859154929578,0.5606060606060606,0.12121212121212122
0.4515969953719695,8,58,0,5,0.12121212121212122,0.0,0.18309859154929578,0.5606060606060606,0.12121212121212122
0.45478786861327425,8,58,0,5,0.12121212121212122,0.0,0.18309859154929578,0.5606060606060606,0.12121212121212122
0.457978741854579,8,58,0,5,0.12121212121212122,0.0,0.18309859154929578,0.5606060606060606,0.12121212121212122
0.4611696150958838,8,58,0,5,0.12121212121212122,0.0,0.18309859154929578,0.5606060606060606,0.12121212121212122
0.4643604883371885,8,58,0,5,0.12121212121212122,0.0,0.18309859154929578,0.5606060606060606,0.12121212121212122
0.46755136157849325,8,58,0,5,0.12121212121212122,0.0,0.18309859154929578,0.5606060606060606,0.12121212121212122
0.47074223481979804,8,58,0,5,0.12121212121212122,0.0,0.18309859154929578,0.5606060606060606,0.12121212121212122
0.4739331080611028,8,58,0,5,0.12121212121212122,0.0,0.18309859154929578,0.5606060606060606,0.12121212121212122
0.4771239813024075,7,59,0,5,0.10606060606060606,0.0,0.16901408450704225,0.553030303030303,0.10606060606060606
0.48031485454371226,7,59,0,5,0.10606060606060606,0.0,0.16901408450704225,0.553030303030303,0.10606060606060606
0.48350572778501705,7,59,0,5,0.10606060606060606,0.0,0.16901408450704225,0.553030303030303,0.10606060606060606
0.48669660102632173,7,59,0,5,0.10606060606060606,0.0,0.16901408450704225,0.553030303030303,0.10606060606060606
0.4898874742676266,7,59,0,5,0.10606060606060606,0.0,0.16901408450704225,0.553030303030303,0.10606060606060606
0.4930783475089313,7,59,0,5,0.10606060606060606,0.0,0.16901408450704225,0.553030303030303,0.10606060606060606
0.49626922075023605,7,59,0,5,0.10606060606060606,0.0,0.16901408450704225,0.553030303030303,0.10606060606060606
0.4994600939915408,7,59,0,5,0.10606060606060606,0.0,0.16901408450704225,0.553030303030303,0.10606060606060606
0.5026509672328455,7,59,0,5,0.10606060606060606,0.0,0.16901408450704225,0.553030303030303,0.10606060606060606
0.5058418404741503,7,59,0,5,0.10606060606060606,0.0,0.16901408450704225,0.553030303030303,0.10606060606060606
0.509032713715455,7,59,0,5,0.10606060606060606,0.0,0.16901408450704225,0.553030303030303,0.10606060606060606
0.5122235869567598,7,59,0,5,0.10606060606060606,0.0,0.16901408450704225,0.553030303030303,0.10606060606060606
0.5154144601980646,7,59,0,5,0.10606060606060606,0.0,0.16901408450704225,0.553030303030303,0.10606060606060606
0.5186053334393693,7,59,0,5,0.10606060606060606,0.0,0.16901408450704225,0.553030303030303,0.10606060606060606
0.5217962066806741,7,59,0,5,0.10606060606060606,0.0,0.16901408450704225,0.553030303030303,0.10606060606060606
0.5249870799219788,7,59,0,5,0.10606060606060606,0.0,0.16901408450704225,0.553030303030303,0.10606060606060606
0.5281779531632835,7,59,0,5,0.10606060606060606,0.0,0.16901408450704225,0.553030303030303,0.10606060606060606
0.5313688264045883,6,60,0,5,0.09090909090909091,0.0,0.15492957746478872,0.5454545454545454,0.09090909090909091
0.5345596996458931,5,61,0,5,0.07575757575757576,0.0,0.14084507042253522,0.5378787878787878,0.07575757575757576
0.5377505728871979,5,61,0,5,0.07575757575757576,0.0,0.14084507042253522,0.5378787878787878,0.07575757575757576
0.5409414461285026,5,61,0,5,0.07575757575757576,0.0,0.14084507042253522,0.5378787878787878,0.07575757575757576
0.5441323193698073,5,61,0,5,0.07575757575757576,0.0,0.14084507042253522,0.5378787878787878,0.07575757575757576
0.5473231926111121,5,61,0,5,0.07575757575757576,0.0,0.14084507042253522,0.5378787878787878,0.07575757575757576
0.5505140658524168,5,61,0,5,0.07575757575757576,0.0,0.14084507042253522,0.5378787878787878,0.07575757575757576
0.5537049390937215,5,61,0,5,0.07575757575757576,0.0,0.14084507042253522,0.5378787878787878,0.07575757575757576
0.5568958123350263,5,61,0,5,0.07575757575757576,0.0,0.14084507042253522,0.5378787878787878,0.07575757575757576
0.5600866855763311,4,62,0,5,0.06060606060606061,0.0,0.1267605633802817,0.5303030303030303,0.06060606060606061
0.5632775588176359,4,62,0,5,0.06060606060606061,0.0,0.1267605633802817,0.5303030303030303,0.06060606060606061
0.5664684320589406,4,62,0,5,0.06060606060606061,0.0,0.1267605633802817,0.5303030303030303,0.06060606060606061
0.5696593053002453,4,62,0,5,0.06060606060606061,0.0,0.1267605633802817,0.5303030303030303,0.06060606060606061
0.5728501785415501,4,62,0,5,0.06060606060606061,0.0,0.1267605633802817,0.5303030303030303,0.06060606060606061
0.5760410517828548,3,63,0,5,0.045454545454545456,0.0,0.11267605633802817,0.5227272727272727,0.045454545454545456
0.5792319250241595,2,64,0,5,0.030303030303030304,0.0,0.09859154929577464,0.5151515151515151,0.030303030303030304
0.5824227982654644,2,64,0,5,0.030303030303030304,0.0,0.09859154929577464,0.5151515151515151,0.030303030303030304
0.5856136715067691,2,64,0,5,0.030303030303030304,0.0,0.09859154929577464,0.5151515151515151,0.030303030303030304
0.5888045447480739,2,64,0,5,0.030303030303030304,0.0,0.09859154929577464,0.5151515151515151,0.030303030303030304
0.5919954179893786,2,64,0,5,0.030303030303030304,0.0,0.09859154929577464,0.5151515151515151,0.030303030303030304
0.5951862912306833,2,64,0,5,0.030303030303030304,0.0,0.09859154929577464,0.5151515151515151,0.030303030303030304
0.5983771644719881,2,64,0,5,0.030303030303030304,0.0,0.09859154929577464,0.5151515151515151,0.030303030303030304
0.6015680377132928,2,64,0,5,0.030303030303030304,0.0,0.09859154929577464,0.5151515151515151,0.030303030303030304
0.6047589109545977,2,64,0,5,0.030303030303030304,0.0,0.09859154929577464,0.5151515151515151,0.030303030303030304
0.6079497841959024,2,64,0,5,0.030303030303030304,0.0,0.09859154929577464,0.5151515151515151,0.030303030303030304
0.6111406574372071,1,65,0,5,0.015151515151515152,0.0,0.08450704225352113,0.5075757575757576,0.015151515151515152
0.6143315306785119,1,65,0,5,0.015151515151515152,0.0,0.08450704225352113,0.5075757575757576,0.015151515151515152
0.6175224039198166,0,66,0,5,0.0,0.0,0.07042253521126761,0.5,0.0
0.6207132771611213,0,66,0,5,0.0,0.0,0.07042253521126761,0.5,0.0
