frame,detected,det_conf,crop_px,score,verdict
frame_000000_UNKNOWN_-0.526,1,,76,0.2199,MATCH
frame_000001_UNKNOWN_-0.584,1,,75,0.2619,MATCH
frame_000002_UNKNOWN_-0.542,1,,70,0.1528,UNKNOWN
frame_000003_UNKNOWN_-0.561,1,,70,0.1678,UNKNOWN
frame_000004_UNKNOWN_-0.534,1,,67,0.3574,MATCH
frame_000005_UNKNOWN_-0.569,1,,69,0.3725,MATCH
frame_000006_UNKNOWN_-0.583,1,,60,0.2135,MATCH
frame_000007_UNKNOWN_-0.484,1,,59,0.1691,UNKNOWN
frame_000008_UNKNOWN_-0.425,1,,59,0.1133,UNKNOWN
frame_000009_UNKNOWN_-0.552,1,,55,0.2518,MATCH
frame_000010_UNKNOWN_-0.584,1,,52,0.1235,UNKNOWN
frame_000011_UNKNOWN_-0.533,1,,49,0.2634,MATCH
frame_000012_UNKNOWN_-0.397,1,,44,0.2849,MATCH
frame_000013_UNKNOWN_-0.442,1,,44,0.2349,MATCH
frame_000014_UNKNOWN_-0.473,1,,43,0.3625,MATCH
frame_000015_UNKNOWN_-0.468,1,,42,0.2671,MATCH
frame_000016_UNKNOWN_-0.631,1,,42,0.3652,MATCH
frame_000017_UNKNOWN_-0.626,1,,42,0.3996,MATCH
frame_000018_UNKNOWN_-0.640,1,,42,0.3848,MATCH
frame_000019_UNKNOWN_-0.635,1,,41,0.3043,MATCH
frame_000020_UNKNOWN_-0.591,1,,44,0.2448,MATCH
frame_000021_UNKNOWN_-0.505,1,,46,0.1567,UNKNOWN
frame_000022_UNKNOWN_-0.562,1,,44,0.36,MATCH
frame_000023_UNKNOWN_-0.524,1,,44,0.2605,MATCH
frame_000025_UNKNOWN_-0.554,1,,46,0.3145,MATCH
frame_000026_UNKNOWN_-0.643,1,,48,0.4013,MATCH
frame_000027_UNKNOWN_-0.595,1,,44,0.312,MATCH
frame_000028_UNKNOWN_-0.587,1,,43,0.3018,MATCH
frame_000029_UNKNOWN_-0.522,1,,45,0.2948,MATCH
frame_000030_UNKNOWN_-0.483,1,,45,0.4256,MATCH
frame_000031_UNKNOWN_-0.489,1,,43,0.5254,MATCH
frame_000032_UNKNOWN_-0.549,1,,43,0.4344,MATCH
frame_000033_UNKNOWN_-0.542,1,,43,0.4666,MATCH
frame_000034_UNKNOWN_-0.440,1,,44,0.5359,MATCH
frame_000035_UNKNOWN_-0.774,1,,42,0.488,MATCH
frame_000036_UNKNOWN_-0.686,1,,45,0.3028,MATCH
frame_000037_UNKNOWN_-0.832,1,,47,0.5096,MATCH
frame_000038_UNKNOWN_-0.821,1,,47,0.5383,MATCH
frame_000039_UNKNOWN_-0.749,1,,47,0.4717,MATCH
frame_000040_UNKNOWN_-0.705,1,,46,0.5484,MATCH
frame_000041_UNKNOWN_-0.670,1,,44,0.4352,MATCH
frame_000042_UNKNOWN_-0.580,1,,41,0.5347,MATCH
frame_000043_UNKNOWN_-0.687,1,,41,0.5143,MATCH
frame_000044_UNKNOWN_-0.667,1,,48,0.3963,MATCH
frame_000045_UNKNOWN_-0.533,1,,42,0.5664,MATCH
frame_000046_UNKNOWN_-0.543,1,,45,0.4776,MATCH
frame_000047_UNKNOWN_-0.622,1,,49,0.603,MATCH
frame_000048_UNKNOWN_-0.641,1,,49,0.5916,MATCH
frame_000049_UNKNOWN_-0.762,1,,48,0.4765,MATCH
frame_000050_UNKNOWN_-0.617,1,,48,0.5185,MATCH
frame_000051_UNKNOWN_-0.665,1,,45,0.518,MATCH
frame_000052_UNKNOWN_-0.667,1,,47,0.5993,MATCH
frame_000053_UNKNOWN_-0.673,1,,47,0.6143,MATCH
frame_000054_UNKNOWN_-0.655,1,,49,0.5163,MATCH
frame_000055_UNKNOWN_-0.584,1,,49,0.5811,MATCH
frame_000056_UNKNOWN_-0.595,1,,44,0.4071,MATCH
frame_000057_UNKNOWN_-0.626,1,,47,0.3769,MATCH
frame_000058_UNKNOWN_-0.639,1,,47,0.3943,MATCH
frame_000059_UNKNOWN_-0.612,1,,46,0.4418,MATCH
frame_000060_UNKNOWN_-0.660,1,,45,0.3191,MATCH
frame_000061_UNKNOWN_-0.578,1,,49,0.4337,MATCH
frame_000062_UNKNOWN_-0.623,1,,48,0.3822,MATCH
frame_000063_UNKNOWN_-0.600,1,,48,0.4019,MATCH
frame_000064_UNKNOWN_-0.669,1,,50,0.4168,MATCH
frame_000065_UNKNOWN_-0.667,1,,50,0.5553,MATCH
frame_000066_UNKNOWN_-0.626,1,,50,0.4774,MATCH
frame_000067_UNKNOWN_-0.690,1,,45,0.5641,MATCH
frame_000068_UNKNOWN_-0.695,1,,45,0.5538,MATCH
frame_000069_UNKNOWN_-0.658,1,,49,0.5901,MATCH
frame_000070_UNKNOWN_-0.674,1,,47,0.4811,MATCH
frame_000071_UNKNOWN_-0.671,1,,49,0.5626,MATCH
frame_000072_UNKNOWN_-0.633,1,,49,0.4244,MATCH
frame_000073_UNKNOWN_-0.643,1,,49,0.4098,MATCH
frame_000074_UNKNOWN_-0.567,1,,51,0.557,MATCH
frame_000075_UNKNOWN_-0.734,1,,52,0.5312,MATCH
frame_000076_UNKNOWN_-0.642,1,,53,0.5671,MATCH
frame_000077_UNKNOWN_-0.699,1,,52,0.5526,MATCH
frame_000078_UNKNOWN_-0.708,1,,52,0.5841,MATCH
frame_000079_UNKNOWN_-0.639,1,,52,0.6788,MATCH
frame_000080_UNKNOWN_-0.715,1,,52,0.6692,MATCH
frame_000081_UNKNOWN_-0.645,1,,54,0.6418,MATCH
frame_000082_UNKNOWN_-0.610,1,,52,0.5913,MATCH
frame_000083_UNKNOWN_-0.613,1,,53,0.6062,MATCH
frame_000084_UNKNOWN_-0.722,1,,52,0.5375,MATCH
frame_000085_UNKNOWN_-0.658,1,,49,0.5102,MATCH
frame_000086_UNKNOWN_-0.588,1,,51,0.505,MATCH
frame_000087_UNKNOWN_-0.597,1,,51,0.6581,MATCH
frame_000088_UNKNOWN_-0.593,1,,51,0.6651,MATCH
frame_000089_UNKNOWN_-0.674,1,,49,0.6301,MATCH
frame_000090_UNKNOWN_-0.590,1,,53,0.7393,MATCH
frame_000091_UNKNOWN_-0.647,1,,53,0.6463,MATCH
frame_000092_UNKNOWN_-0.603,1,,53,0.7723,MATCH
frame_000093_UNKNOWN_-0.591,1,,53,0.7243,MATCH
frame_000094_UNKNOWN_-0.621,1,,52,0.7489,MATCH
frame_000095_UNKNOWN_-0.603,1,,53,0.6766,MATCH
frame_000096_UNKNOWN_-0.762,1,,49,0.676,MATCH
frame_000097_UNKNOWN_-0.658,1,,50,0.5753,MATCH
frame_000098_UNKNOWN_-0.650,1,,50,0.6347,MATCH
frame_000099_UNKNOWN_-0.711,1,,51,0.6361,MATCH
frame_000100_UNKNOWN_-0.654,1,,51,0.6531,MATCH
frame_000101_UNKNOWN_-0.664,1,,49,0.468,MATCH
frame_000102_UNKNOWN_-0.617,1,,49,0.6513,MATCH
frame_000103_UNKNOWN_-0.557,1,,49,0.7159,MATCH
frame_000104_UNKNOWN_-0.589,1,,52,0.5441,MATCH
frame_000105_UNKNOWN_-0.432,1,,52,0.3949,MATCH
frame_000106_UNKNOWN_-0.444,1,,48,0.58,MATCH
frame_000107_UNKNOWN_-0.425,1,,48,0.6875,MATCH
frame_000108_UNKNOWN_-0.451,1,,48,0.6793,MATCH
frame_000109_UNKNOWN_-0.477,1,,50,0.7931,MATCH
frame_000110_UNKNOWN_-0.442,1,,50,0.6634,MATCH
frame_000111_UNKNOWN_-0.416,1,,52,0.5002,MATCH
frame_000112_UNKNOWN_-0.443,1,,47,0.7214,MATCH
frame_000113_UNKNOWN_-0.293,1,,47,0.6443,MATCH
frame_000114_UNKNOWN_-0.462,1,,42,0.8122,MATCH
frame_000115_UNKNOWN_-0.386,1,,46,0.7382,MATCH
frame_000116_UNKNOWN_-0.689,1,,45,0.6603,MATCH
frame_000117_UNKNOWN_-0.679,1,,51,0.653,MATCH
frame_000118_UNKNOWN_-0.681,1,,51,0.6164,MATCH
frame_000119_UNKNOWN_-0.731,1,,51,0.5781,MATCH
frame_000120_UNKNOWN_-0.644,1,,50,0.7543,MATCH
frame_000121_UNKNOWN_-0.692,1,,52,0.7121,MATCH
frame_000122_UNKNOWN_-0.769,1,,53,0.522,MATCH
frame_000123_UNKNOWN_-0.745,1,,53,0.4754,MATCH
frame_000124_UNKNOWN_-0.771,1,,54,0.5521,MATCH
frame_000125_UNKNOWN_-0.727,1,,52,0.5715,MATCH
frame_000126_UNKNOWN_-0.776,1,,55,0.3708,MATCH
frame_000127_UNKNOWN_-0.804,1,,55,0.5442,MATCH
frame_000128_UNKNOWN_-0.763,1,,55,0.4954,MATCH
frame_000130_UNKNOWN_-0.332,1,,49,0.4137,MATCH
frame_000131_UNKNOWN_-0.531,1,,56,0.4218,MATCH
frame_000132_UNKNOWN_-0.385,1,,54,0.1947,MATCH
frame_000133_UNKNOWN_-0.322,1,,54,0.1291,UNKNOWN
frame_000134_UNKNOWN_-0.345,1,,57,0.2431,MATCH
frame_000135_UNKNOWN_-0.501,1,,56,0.3308,MATCH
frame_000136_UNKNOWN_-0.183,1,,59,0.1201,UNKNOWN
frame_000137_UNKNOWN_-0.483,1,,59,0.2135,MATCH
frame_000138_UNKNOWN_-0.508,1,,59,0.1823,MATCH
frame_000139_UNKNOWN_-0.512,1,,61,0.0854,UNKNOWN
frame_000140_UNKNOWN_-0.599,1,,58,0.1963,MATCH
frame_000141_UNKNOWN_-0.497,1,,64,0.2486,MATCH
frame_000142_UNKNOWN_-0.541,1,,64,0.1068,UNKNOWN
frame_000143_UNKNOWN_-0.548,1,,64,0.0743,UNKNOWN
frame_000144_UNKNOWN_-0.395,1,,64,-0.1118,UNKNOWN
frame_000145_UNKNOWN_-0.430,1,,68,-0.0976,UNKNOWN
frame_000146_UNKNOWN_-0.391,1,,69,-0.1662,UNKNOWN
frame_000147_UNKNOWN_-0.319,1,,66,-0.07,UNKNOWN
frame_000148_UNKNOWN_-0.328,1,,66,-0.0538,UNKNOWN
frame_000149_UNKNOWN_-0.372,1,,70,-0.1677,UNKNOWN
frame_000152_UNKNOWN_-0.424,1,,69,0.0464,UNKNOWN
frame_000153_UNKNOWN_-0.413,1,,69,0.0316,UNKNOWN
frame_000154_UNKNOWN_-0.406,1,,76,-0.1498,UNKNOWN
frame_000157_UNKNOWN_-0.521,1,,78,0.1315,UNKNOWN
frame_000158_UNKNOWN_-0.511,1,,78,0.0688,UNKNOWN
frame_000160_UNKNOWN_-0.277,1,,78,0.1039,UNKNOWN
frame_000161_UNKNOWN_-0.410,1,,81,0.2834,MATCH
frame_000162_UNKNOWN_-0.011,1,,82,0.0001,UNKNOWN
frame_000163_UNKNOWN_0.001,1,,82,0.0011,UNKNOWN
frame_000164_UNKNOWN_-0.039,1,,78,0.2393,MATCH
frame_000165_UNKNOWN_-0.079,1,,80,0.0392,UNKNOWN
frame_000166_UNKNOWN_-0.300,1,,77,0.0334,UNKNOWN
frame_000167_UNKNOWN_-0.212,1,,80,0.1659,UNKNOWN
frame_000168_UNKNOWN_-0.236,1,,80,0.1913,MATCH
frame_000169_UNKNOWN_-0.207,1,,77,0.1858,MATCH
frame_000170_UNKNOWN_-0.168,1,,84,0.1222,UNKNOWN
frame_000171_UNKNOWN_-0.203,1,,83,0.2091,MATCH
frame_000172_UNKNOWN_-0.165,1,,88,0.2416,MATCH
frame_000173_UNKNOWN_-0.192,1,,88,0.2422,MATCH
frame_000174_UNKNOWN_-0.011,1,,83,0.1759,UNKNOWN
frame_000175_UNKNOWN_-0.056,1,,88,0.1266,UNKNOWN
frame_000176_UNKNOWN_-0.133,1,,86,0.1121,UNKNOWN
frame_000177_UNKNOWN_-0.156,1,,92,0.0963,UNKNOWN
frame_000178_UNKNOWN_-0.206,1,,92,0.1298,UNKNOWN
frame_000179_UNKNOWN_-0.064,1,,90,0.0907,UNKNOWN
frame_000180_UNKNOWN_-0.333,1,,98,0.2471,MATCH
frame_000181_UNKNOWN_-0.187,1,,99,0.2258,MATCH
frame_000182_UNKNOWN_-0.200,1,,102,0.2537,MATCH
frame_000183_UNKNOWN_-0.188,1,,102,0.2418,MATCH
frame_000184_UNKNOWN_-0.439,1,,100,0.2445,MATCH
frame_000185_UNKNOWN_-0.293,1,,100,0.278,MATCH
frame_000186_UNKNOWN_-0.419,1,,103,0.3616,MATCH
frame_000187_UNKNOWN_-0.309,1,,102,0.3668,MATCH
frame_000188_UNKNOWN_-0.325,1,,102,0.3405,MATCH
frame_000189_UNKNOWN_-0.395,1,,101,0.3771,MATCH
frame_000190_UNKNOWN_-0.328,1,,99,0.3844,MATCH
frame_000191_UNKNOWN_-0.503,1,,95,0.5889,MATCH
frame_000192_UNKNOWN_-0.443,1,,99,0.4895,MATCH
frame_000193_UNKNOWN_-0.425,1,,99,0.4756,MATCH
frame_000194_UNKNOWN_-0.443,1,,101,0.445,MATCH
frame_000195_UNKNOWN_-0.391,1,,105,0.4112,MATCH
frame_000196_UNKNOWN_-0.385,1,,104,0.5145,MATCH
frame_000197_UNKNOWN_-0.446,1,,102,0.5253,MATCH
frame_000198_UNKNOWN_-0.463,1,,102,0.5222,MATCH
frame_000199_UNKNOWN_-0.393,1,,98,0.5621,MATCH
frame_000200_UNKNOWN_-0.426,1,,98,0.5853,MATCH
frame_000201_UNKNOWN_-0.410,1,,97,0.5739,MATCH
frame_000202_UNKNOWN_-0.484,1,,99,0.4844,MATCH
frame_000203_UNKNOWN_-0.466,1,,99,0.5091,MATCH
frame_000204_UNKNOWN_-0.433,1,,105,0.5164,MATCH
frame_000205_UNKNOWN_-0.368,1,,108,0.5075,MATCH
frame_000206_UNKNOWN_-0.458,1,,109,0.4733,MATCH
frame_000207_UNKNOWN_-0.462,1,,109,0.4952,MATCH
frame_000208_UNKNOWN_-0.459,1,,109,0.4918,MATCH
frame_000209_UNKNOWN_-0.323,1,,110,0.3827,MATCH
frame_000210_UNKNOWN_-0.391,1,,102,0.4262,MATCH
frame_000211_UNKNOWN_-0.321,1,,104,0.4257,MATCH
frame_000212_UNKNOWN_-0.348,1,,97,0.4086,MATCH
frame_000213_UNKNOWN_-0.336,1,,97,0.4071,MATCH
frame_000214_UNKNOWN_-0.362,1,,102,0.4124,MATCH
frame_000215_UNKNOWN_-0.373,1,,96,0.3895,MATCH
frame_000216_UNKNOWN_-0.528,1,,98,0.4424,MATCH
frame_000217_UNKNOWN_-0.405,1,,95,0.4395,MATCH
frame_000218_UNKNOWN_-0.425,1,,95,0.4442,MATCH
frame_000219_UNKNOWN_-0.461,1,,94,0.5095,MATCH
frame_000220_UNKNOWN_-0.447,1,,90,0.4722,MATCH
frame_000221_UNKNOWN_-0.482,1,,88,0.493,MATCH
frame_000222_UNKNOWN_-0.433,1,,80,0.3584,MATCH
frame_000223_UNKNOWN_-0.468,1,,80,0.3791,MATCH
frame_000224_UNKNOWN_-0.412,1,,79,0.4029,MATCH
frame_000225_UNKNOWN_-0.371,1,,79,0.4364,MATCH
frame_000226_UNKNOWN_-0.469,1,,85,0.4252,MATCH
frame_000227_UNKNOWN_-0.395,1,,82,0.3963,MATCH
frame_000228_UNKNOWN_-0.370,1,,83,0.3968,MATCH
frame_000229_UNKNOWN_-0.463,1,,83,0.4723,MATCH
frame_000230_UNKNOWN_-0.420,1,,83,0.4045,MATCH
frame_000231_UNKNOWN_-0.411,1,,81,0.3997,MATCH
frame_000232_UNKNOWN_-0.415,1,,77,0.3788,MATCH
frame_000233_UNKNOWN_-0.417,1,,77,0.3818,MATCH
frame_000234_UNKNOWN_-0.416,1,,86,0.4242,MATCH
frame_000235_UNKNOWN_-0.344,1,,82,0.3777,MATCH
frame_000236_UNKNOWN_-0.378,1,,81,0.4004,MATCH
frame_000237_UNKNOWN_-0.342,1,,83,0.3931,MATCH
frame_000238_UNKNOWN_-0.349,1,,83,0.398,MATCH
frame_000239_UNKNOWN_-0.389,1,,83,0.4185,MATCH
frame_000240_UNKNOWN_-0.293,1,,88,0.3865,MATCH
frame_000241_UNKNOWN_-0.322,1,,91,0.4245,MATCH
frame_000242_UNKNOWN_-0.367,1,,92,0.4444,MATCH
frame_000243_UNKNOWN_-0.346,1,,92,0.4029,MATCH
frame_000244_UNKNOWN_-0.385,1,,90,0.3685,MATCH
frame_000245_UNKNOWN_-0.303,1,,97,0.3293,MATCH
frame_000246_UNKNOWN_-0.366,1,,93,0.3841,MATCH
frame_000247_UNKNOWN_-0.303,1,,103,0.3755,MATCH
frame_000248_UNKNOWN_-0.303,1,,103,0.3642,MATCH
frame_000249_UNKNOWN_-0.350,1,,101,0.3821,MATCH
frame_000250_UNKNOWN_-0.361,1,,105,0.3652,MATCH
frame_000251_UNKNOWN_-0.328,1,,100,0.3428,MATCH
frame_000252_UNKNOWN_-0.342,1,,103,0.3683,MATCH
frame_000253_UNKNOWN_-0.331,1,,103,0.3637,MATCH
frame_000254_UNKNOWN_-0.403,1,,103,0.336,MATCH
frame_000255_UNKNOWN_-0.470,1,,101,0.3757,MATCH
frame_000257_UNKNOWN_-0.503,1,,101,0.3963,MATCH
frame_000258_UNKNOWN_-0.504,1,,101,0.4109,MATCH
frame_000259_UNKNOWN_-0.522,1,,104,0.3657,MATCH
frame_000261_UNKNOWN_-0.454,1,,108,0.363,MATCH
frame_000262_UNKNOWN_-0.391,1,,113,0.4121,MATCH
frame_000263_UNKNOWN_-0.399,1,,113,0.4412,MATCH
frame_000264_UNKNOWN_-0.437,1,,110,0.4349,MATCH
frame_000265_UNKNOWN_-0.431,1,,114,0.3857,MATCH
frame_000266_UNKNOWN_-0.414,1,,112,0.3784,MATCH
frame_000267_UNKNOWN_-0.474,1,,107,0.4568,MATCH
frame_000268_UNKNOWN_-0.478,1,,107,0.4863,MATCH
frame_000269_UNKNOWN_-0.488,1,,114,0.3928,MATCH
frame_000270_UNKNOWN_-0.504,1,,115,0.5084,MATCH
frame_000271_UNKNOWN_-0.527,1,,114,0.4711,MATCH
frame_000272_UNKNOWN_-0.517,1,,113,0.506,MATCH
frame_000273_UNKNOWN_-0.521,1,,113,0.506,MATCH
frame_000274_UNKNOWN_-0.543,1,,116,0.5415,MATCH
frame_000275_UNKNOWN_-0.464,1,,112,0.4892,MATCH
frame_000276_UNKNOWN_-0.507,1,,117,0.5294,MATCH
frame_000277_UNKNOWN_-0.449,1,,121,0.5145,MATCH
frame_000278_UNKNOWN_-0.438,1,,121,0.4998,MATCH
frame_000279_UNKNOWN_-0.563,1,,120,0.5473,MATCH
frame_000280_UNKNOWN_-0.471,1,,118,0.5456,MATCH
frame_000281_UNKNOWN_-0.464,1,,118,0.5248,MATCH
frame_000282_UNKNOWN_-0.469,1,,116,0.5121,MATCH
frame_000283_UNKNOWN_-0.470,1,,116,0.5233,MATCH
frame_000284_UNKNOWN_-0.484,1,,111,0.5325,MATCH
frame_000285_UNKNOWN_-0.389,1,,111,0.4762,MATCH
frame_000286_UNKNOWN_-0.463,1,,108,0.5319,MATCH
frame_000287_UNKNOWN_-0.491,1,,109,0.623,MATCH
frame_000288_UNKNOWN_-0.482,1,,109,0.6199,MATCH
frame_000289_UNKNOWN_-0.488,1,,100,0.5943,MATCH
